,Division,Keyword,Total,Year Range,back propagation,bayesian network*,clustering,decision tree*,gaussian process,genetic algorithm*,naive bayes,nearest neigh*,neural network*,particle swarm,random forest*,regression,support vector*
0,AGFD,agricultur*,2489.0,2000-2010,1,102,6,231,425,375,10,4,1051,45,23,15,201
1,AGFD,food,2292.0,2000-2010,1,82,5,249,49,325,5,6,1125,89,14,54,288
2,AGFD,microbiological hazard*,3.0,2000-2010,0,0,0,3,0,0,0,0,0,0,0,0,0
3,AGFD,metabolomic*,141.0,2000-2010,0,7,4,12,0,26,2,1,37,0,16,3,33
4,AGFD,antibiotic*,428.0,2000-2010,0,11,4,198,0,57,2,0,114,6,4,5,27
5,AGFD,breath monitoring,0.0,2000-2010,0,0,0,0,0,0,0,0,0,0,0,0,0
6,AGFD,chocolate*,15.0,2000-2010,0,1,0,0,0,5,0,0,5,0,0,0,4
7,AGFD,traditional chinese medicine,191.0,2000-2010,0,23,1,25,0,15,2,0,81,2,3,0,39
8,AGFD,wine,313.0,2000-2010,2,5,4,13,0,57,0,3,169,24,1,3,32
9,AGFD,nut*,879.0,2000-2010,1,58,5,157,134,128,1,2,332,13,6,6,36
10,AGFD,allergen*,90.0,2000-2010,0,3,3,44,0,3,1,2,17,1,1,1,14
11,AGFD,fresh produce,3.0,2000-2010,0,0,0,0,0,1,0,0,2,0,0,0,0
12,AGFD,cereal*,66.0,2000-2010,0,3,0,7,6,9,0,0,36,1,1,0,3
13,AGFD,gut microbiome*,0.0,2000-2010,0,0,0,0,0,0,0,0,0,0,0,0,0
14,AGFD,biomass,601.0,2000-2010,0,25,0,28,62,101,1,0,322,12,7,8,35
15,AGFD,biosensor*,314.0,2000-2010,0,7,1,5,2,38,0,1,234,3,0,1,22
16,AGFD,sensory evaluation,50.0,2000-2010,0,0,0,3,0,5,0,0,33,1,1,0,7
17,AGFD,endocrine disrupting,25.0,2000-2010,0,0,0,3,0,4,0,0,11,0,0,1,6
18,AGFD,ferment*,764.0,2000-2010,1,2,3,8,5,178,1,0,444,38,0,5,79
19,AGFD,nanoencapsulation,0.0,2000-2010,0,0,0,0,0,0,0,0,0,0,0,0,0
20,AGFD,bioactive,80.0,2000-2010,0,2,0,6,0,30,1,1,30,1,2,0,7
21,AGFD,pectin*,22.0,2000-2010,0,1,0,0,3,3,0,0,12,1,0,0,2
22,AGFD,beer,138.0,2000-2010,0,2,0,2,3,40,2,0,65,16,0,0,8
23,AGFD,spirits,168.0,2000-2010,0,12,3,9,17,24,2,0,73,7,0,2,19
24,AGFD,edible,38.0,2000-2010,0,1,0,3,2,9,0,0,22,0,0,0,1
25,AGFD,phenolic*,68.0,2000-2010,0,0,0,3,1,20,1,0,38,1,2,0,2
26,AGFD,phytochemical*,9.0,2000-2010,0,0,0,1,0,2,0,0,3,0,3,0,0
27,AGFD,biopolymer*,67.0,2000-2010,0,5,0,1,1,28,0,0,24,2,0,1,5
28,AGFD,nutrition*,329.0,2000-2010,0,19,1,115,16,53,1,1,95,4,2,2,20
29,AGFD,microbiome,3.0,2000-2010,0,0,0,0,0,2,0,0,0,0,0,0,1
30,AGFD,dietary,132.0,2000-2010,0,7,0,54,0,26,2,0,35,1,3,1,3
31,AGFD,fungicide*,35.0,2000-2010,0,1,0,6,0,7,0,0,14,0,2,1,4
32,AGFD,huanglongbing,1.0,2000-2010,0,0,0,0,1,0,0,0,0,0,0,0,0
33,AGFD,flavor,139.0,2000-2010,1,4,2,7,2,17,0,0,87,3,2,2,12
34,AGFD,space travel,2.0,2000-2010,0,0,0,0,0,0,0,0,2,0,0,0,0
35,AGFD,extreme environment*,20.0,2000-2010,0,0,0,0,3,7,0,0,10,0,0,0,0
36,AGFD,fruit*,776.0,2000-2010,1,18,7,40,25,145,5,1,436,11,6,6,75
37,AGFD,tea,156.0,2000-2010,0,5,0,2,5,17,4,0,88,6,1,1,27
38,AGFD,cotton,211.0,2000-2010,0,5,0,11,25,23,2,1,120,2,0,1,21
39,AGFD,seafood*,5.0,2000-2010,0,0,0,2,0,0,0,0,2,1,0,0,0
40,AGFD,nutrient*,482.0,2000-2010,1,37,1,35,114,74,0,0,196,8,1,3,12
41,AGFD,artisanal,3.0,2000-2010,0,0,0,0,3,0,0,0,0,0,0,0,0
42,AGFD,vegetable*,273.0,2000-2010,0,6,0,13,16,45,1,0,159,1,1,0,31
43,AGFD,coffee,107.0,2000-2010,0,2,0,8,12,37,0,0,42,1,0,0,5
44,AGFD,cocoa,4.0,2000-2010,0,0,0,0,1,0,0,0,2,0,0,0,1
45,AGFD,protein*,9909.0,2000-2010,8,376,105,781,41,2384,135,68,3373,96,218,119,2205
46,AGRO,agrochemical,28.0,2000-2010,0,2,0,1,7,6,0,0,9,0,0,1,2
47,AGRO,agrochemicals,28.0,2000-2010,0,2,0,1,7,6,0,0,9,0,0,1,2
48,AGRO,cannabis,25.0,2000-2010,0,0,0,6,1,4,0,0,13,0,0,0,1
49,AGRO,insecticide*,54.0,2000-2010,0,1,0,6,5,10,0,0,29,0,0,0,3
50,AGRO,hemp,11.0,2000-2010,0,0,0,0,1,4,0,0,6,0,0,0,0
51,AGRO,developing countr*,228.0,2000-2010,0,10,0,52,10,40,0,1,99,4,3,0,9
52,AGRO,glyphosate,3.0,2000-2010,0,0,0,1,0,0,0,0,2,0,0,0,0
53,AGRO,degradant*,1.0,2000-2010,0,0,0,0,0,1,0,0,0,0,0,0,0
54,AGRO,agroecosystem*,11.0,2000-2010,0,0,0,0,6,3,0,0,1,0,0,0,1
55,AGRO,pesticide*,246.0,2000-2010,0,14,2,17,24,39,0,0,130,0,2,0,18
56,AGRO,soil,3642.0,2000-2010,1,125,1,191,1133,504,4,3,1441,61,24,14,140
57,AGRO,microplastic*,1.0,2000-2010,0,0,0,0,0,0,0,0,1,0,0,0,0
58,AGRO,stereoisomer*,57.0,2000-2010,0,0,0,6,1,13,0,0,27,0,1,1,8
59,AGRO,fumigant*,0.0,2000-2010,0,0,0,0,0,0,0,0,0,0,0,0,0
60,AGRO,crop*,1327.0,2000-2010,1,46,2,146,234,179,2,1,553,21,11,12,119
61,AGRO,pollinator,6.0,2000-2010,0,1,0,1,1,2,0,0,0,0,0,1,0
62,AGRO,semiochemical,0.0,2000-2010,0,0,0,0,0,0,0,0,0,0,0,0,0
63,AGRO,metabolite*,365.0,2000-2010,0,11,5,32,6,72,3,2,153,4,18,8,51
64,AGRO,surface water,329.0,2000-2010,0,19,0,17,36,67,1,0,180,2,1,0,6
65,AGRO,groundwater,1264.0,2000-2010,1,93,1,18,330,318,0,1,438,18,2,5,39
66,AGRO,water sediment interface,1.0,2000-2010,0,1,0,0,0,0,0,0,0,0,0,0,0
67,AGRO,habitat protection,5.0,2000-2010,0,0,0,1,0,0,0,0,3,0,1,0,0
68,AGRO,herbicide*,94.0,2000-2010,0,4,0,3,12,16,0,0,49,1,1,0,8
69,AGRO,neonicotinoid*,0.0,2000-2010,0,0,0,0,0,0,0,0,0,0,0,0,0
70,AGRO,xenobiotic*,75.0,2000-2010,0,2,1,7,5,10,0,3,31,0,3,1,12
71,AGRO,agricultural emission*,3.0,2000-2010,0,0,0,0,1,0,0,0,2,0,0,0,0
72,AGRO,ecotoxicity,50.0,2000-2010,0,4,1,10,2,10,0,0,16,0,0,0,7
73,AGRO,veterinary drug*,4.0,2000-2010,0,0,0,4,0,0,0,0,0,0,0,0,0
74,ANYL,analytical chemistry,66.0,2000-2010,0,0,0,0,1,11,0,0,40,1,0,0,13
75,ANYL,spectrometry,1519.0,2000-2010,2,36,17,160,27,228,13,5,635,7,56,19,314
76,ANYL,analytical separation*,0.0,2000-2010,0,0,0,0,0,0,0,0,0,0,0,0,0
77,ANYL,sensor*,18795.0,2000-2010,4,1257,59,504,302,2651,72,19,11600,632,42,81,1572
78,ANYL,nanotechnology,480.0,2000-2010,0,15,0,14,2,93,1,2,313,19,0,2,19
79,ANYL,nanozyme*,0.0,2000-2010,0,0,0,0,0,0,0,0,0,0,0,0,0
80,ANYL,spectroscopy,3123.0,2000-2010,3,92,7,64,47,598,5,6,1659,36,21,20,565
81,ANYL,biosensing,106.0,2000-2010,0,3,0,3,0,20,0,1,67,1,0,1,10
82,ANYL,chemical forensic*,0.0,2000-2010,0,0,0,0,0,0,0,0,0,0,0,0,0
83,ANYL,chemometric*,774.0,2000-2010,2,5,4,15,7,159,2,2,420,4,6,16,132
84,ANYL,groundwater,1264.0,2000-2010,1,93,1,18,330,318,0,1,438,18,2,5,39
85,ANYL,chemical identification,2.0,2000-2010,0,0,0,0,0,0,0,0,1,0,0,0,1
86,ANYL,bioanaly*,13.0,2000-2010,0,0,0,2,0,3,0,0,8,0,0,0,0
87,ANYL,chemical assay*,4.0,2000-2010,0,0,0,0,0,1,0,0,2,0,0,0,1
88,ANYL,characterization*,3878.0,2000-2010,2,214,29,181,277,724,18,8,1963,41,29,21,371
89,ANYL,organic analys*,0.0,2000-2010,0,0,0,0,0,0,0,0,0,0,0,0,0
90,ANYL,biosensor*,314.0,2000-2010,0,7,1,5,2,38,0,1,234,3,0,1,22
91,ANYL,proteomic*,1159.0,2000-2010,0,51,29,134,6,201,16,11,326,6,46,21,312
92,ANYL,chromatography,1017.0,2000-2010,1,15,8,53,10,214,4,2,548,6,22,8,126
93,ANYL,blood based diagnostic*,0.0,2000-2010,0,0,0,0,0,0,0,0,0,0,0,0,0
94,ANYL,cancer detection,261.0,2000-2010,0,11,3,19,1,32,1,1,120,4,2,4,63
95,BIOT,biochemi*,1821.0,2000-2010,0,72,18,97,19,386,6,4,896,49,24,18,232
96,BIOT,biotechnology,539.0,2000-2010,0,9,3,45,4,133,5,5,260,8,5,5,57
97,BIOT,bioengineering,125.0,2000-2010,0,6,0,9,0,24,0,0,75,1,1,0,9
98,BIOT,biomedical technolog*,60.0,2000-2010,0,3,0,20,0,3,0,0,24,0,1,1,8
99,BIOT,chemical biology,10.0,2000-2010,0,1,0,0,0,1,0,0,4,0,1,0,3
100,BIOT,chromatographic separation*,30.0,2000-2010,0,0,1,0,0,10,0,0,14,0,0,1,4
101,BIOT,drug delivery,210.0,2000-2010,0,3,2,12,3,44,1,1,120,2,1,3,18
102,BIOT,biotherapeutic*,0.0,2000-2010,0,0,0,0,0,0,0,0,0,0,0,0,0
103,BIOT,precision medicine,0.0,2000-2010,0,0,0,0,0,0,0,0,0,0,0,0,0
104,BIOT,protein engineering,82.0,2000-2010,0,1,0,5,0,30,1,1,31,0,0,1,12
105,BIOT,bioprocess*,231.0,2000-2010,0,2,1,7,2,50,0,0,151,4,0,2,12
106,BIOT,systems biology,561.0,2000-2010,0,77,12,17,6,172,3,2,209,8,5,9,41
107,BIOT,synthetic biology,26.0,2000-2010,0,2,0,0,0,10,0,0,11,2,0,0,1
108,BIOT,biomanufacturing,0.0,2000-2010,0,0,0,0,0,0,0,0,0,0,0,0,0
109,BIOT,biophysic*,763.0,2000-2010,0,24,0,25,15,71,3,1,533,7,5,5,74
110,BIOT,bio based product*,0.0,2000-2010,0,0,0,0,0,0,0,0,0,0,0,0,0
111,BIOT,biological chem*,16.0,2000-2010,0,2,0,0,1,4,0,0,8,0,0,1,0
112,BIOL,biological chemistry,0.0,2000-2010,0,0,0,0,0,0,0,0,0,0,0,0,0
113,BIOL,cytochrome*,272.0,2000-2010,0,1,1,28,0,75,4,7,75,0,11,6,64
114,BIOL,biomolecule*,117.0,2000-2010,0,13,0,9,2,30,0,0,44,1,2,1,15
115,BIOL,bioorthogonal chem*,0.0,2000-2010,0,0,0,0,0,0,0,0,0,0,0,0,0
116,BIOL,enzyme chem*,3.0,2000-2010,0,0,0,1,0,0,0,0,2,0,0,0,0
117,BIOL,RNA based therap*,0.0,2000-2010,0,0,0,0,0,0,0,0,0,0,0,0,0
118,BIOL,bioconjugate,0.0,2000-2010,0,0,0,0,0,0,0,0,0,0,0,0,0
119,BIOL,drug discovery,627.0,2000-2010,0,20,6,60,10,92,7,13,180,9,33,29,168
120,BIOL,structural biology,37.0,2000-2010,0,1,1,0,0,6,0,2,12,0,2,0,13
121,BIOL,chemical signaling,6.0,2000-2010,0,0,0,0,1,0,0,0,5,0,0,0,0
122,BIOL,protein folding,614.0,2000-2010,0,11,3,20,1,185,10,8,196,9,4,8,159
123,BIOL,protein aggregation,28.0,2000-2010,0,1,0,1,0,7,0,0,11,0,0,0,8
124,BIOL,organofluorine,0.0,2000-2010,0,0,0,0,0,0,0,0,0,0,0,0,0
125,BIOL,genome engineering,1.0,2000-2010,0,0,0,0,0,0,0,0,1,0,0,0,0
126,BIOL,biosynthesis,229.0,2000-2010,0,10,2,11,0,89,1,1,82,4,6,0,23
127,BIOL,chem* biology,16.0,2000-2010,0,1,0,0,0,1,0,0,10,0,1,0,3
128,BMGT,chem* business*,0.0,2000-2010,0,0,0,0,0,0,0,0,0,0,0,0,0
129,BMGT,chem* compan*,15.0,2000-2010,0,0,0,0,1,7,0,0,5,0,0,0,2
130,BMGT,chem* enterprise*,5.0,2000-2010,0,0,0,0,0,1,0,0,4,0,0,0,0
131,BMGT,chem* research and development,0.0,2000-2010,0,0,0,0,0,0,0,0,0,0,0,0,0
132,CARB,carbohydrate*,136.0,2000-2010,0,0,0,15,0,38,0,1,61,0,2,0,19
133,CARB,oligosaccharide*,24.0,2000-2010,0,0,0,1,0,9,0,0,11,0,1,0,2
134,CARB,glycoconjugate*,2.0,2000-2010,0,0,0,0,0,0,0,0,2,0,0,0,0
135,CARB,glycobiology,4.0,2000-2010,0,0,0,0,0,1,0,0,1,0,0,0,2
136,CARB,glycan*,35.0,2000-2010,0,1,1,3,0,8,0,1,10,0,0,0,11
137,CARB,glycoscience*,1.0,2000-2010,0,0,0,0,0,1,0,0,0,0,0,0,0
138,CARB,protein o-glcnacylation,0.0,2000-2010,0,0,0,0,0,0,0,0,0,0,0,0,0
139,CARB,glycoprotein*,206.0,2000-2010,0,3,0,28,0,35,2,1,86,2,7,3,39
140,CARB,nucleic acid* based therap*,0.0,2000-2010,0,0,0,0,0,0,0,0,0,0,0,0,0
141,CARB,glycomimetics,2.0,2000-2010,0,0,0,0,0,1,0,0,1,0,0,0,0
142,CATL,cataly*,1124.0,2000-2010,0,14,4,18,7,383,4,2,568,26,4,8,86
143,CATL,electrocataly*,4.0,2000-2010,0,0,0,0,0,1,0,0,3,0,0,0,0
144,CATL,photocataly*,41.0,2000-2010,0,0,0,1,2,7,0,0,30,0,0,0,1
145,CATL,scaling relation*,15.0,2000-2010,0,0,0,0,3,5,0,0,6,0,0,0,1
146,CATL,surface science,6.0,2000-2010,0,0,0,0,1,3,0,0,2,0,0,0,0
147,CATL,surface kinetic*,3.0,2000-2010,0,0,0,1,0,0,0,0,1,0,0,0,1
148,CATL,surface mechanism*,0.0,2000-2010,0,0,0,0,0,0,0,0,0,0,0,0,0
149,CATL,surface reaction*,21.0,2000-2010,0,2,0,0,0,9,0,0,9,0,0,0,1
150,CATL,metal support*,0.0,2000-2010,0,0,0,0,0,0,0,0,0,0,0,0,0
151,CATL,amorphous material*,14.0,2000-2010,0,0,0,0,0,9,0,0,5,0,0,0,0
152,CATL,nanoporous material*,0.0,2000-2010,0,0,0,0,0,0,0,0,0,0,0,0,0
153,CATL,syngas conversion,0.0,2000-2010,0,0,0,0,0,0,0,0,0,0,0,0,0
154,CATL,metal oxides,211.0,2000-2010,0,0,0,0,1,36,0,0,161,2,0,0,11
155,CATL,disordered material*,2.0,2000-2010,0,0,0,0,0,2,0,0,0,0,0,0,0
156,CATL,methane conversion,8.0,2000-2010,0,0,0,0,0,6,0,0,2,0,0,0,0
157,CATL,mixed metal oxide*,3.0,2000-2010,0,0,0,0,0,2,0,0,1,0,0,0,0
158,CATL,vehicle emission control,0.0,2000-2010,0,0,0,0,0,0,0,0,0,0,0,0,0
159,CATL,surface chemistry,81.0,2000-2010,0,5,0,1,4,19,1,0,44,1,1,0,5
160,CATL,material* genome,1.0,2000-2010,0,1,0,0,0,0,0,0,0,0,0,0,0
161,CELL,cellulose,112.0,2000-2010,0,1,0,8,2,17,0,0,80,0,1,1,2
162,CELL,nanocellulose*,0.0,2000-2010,0,0,0,0,0,0,0,0,0,0,0,0,0
163,CELL,renewable material*,2.0,2000-2010,0,0,0,0,0,1,0,0,0,1,0,0,0
164,CELL,polysaccharide*,81.0,2000-2010,0,1,0,6,0,28,0,0,33,0,0,1,12
165,CELL,colloidal assembl*,0.0,2000-2010,0,0,0,0,0,0,0,0,0,0,0,0,0
166,CELL,lignin,32.0,2000-2010,0,0,0,2,1,8,0,0,21,0,0,0,0
167,CELL,lignocellulos*,7.0,2000-2010,0,0,0,0,0,0,0,0,7,0,0,0,0
168,CELL,hemp,11.0,2000-2010,0,0,0,0,1,4,0,0,6,0,0,0,0
169,CHED,chem* educat*,0.0,2000-2010,0,0,0,0,0,0,0,0,0,0,0,0,0
170,CHED,data literacy,0.0,2000-2010,0,0,0,0,0,0,0,0,0,0,0,0,0
171,CHED,chem* curricul*,0.0,2000-2010,0,0,0,0,0,0,0,0,0,0,0,0,0
172,CHED,chem* student*,1.0,2000-2010,0,0,0,0,0,0,0,0,1,0,0,0,0
173,CHED,chem* educat*,0.0,2000-2010,0,0,0,0,0,0,0,0,0,0,0,0,0
174,CHED,learn* in the laboratory,0.0,2000-2010,0,0,0,0,0,0,0,0,0,0,0,0,0
175,CHED,climate change literacy,0.0,2000-2010,0,0,0,0,0,0,0,0,0,0,0,0,0
176,CHED,lab* safety,2.0,2000-2010,0,0,0,0,0,0,0,0,2,0,0,0,0
177,CHED,chem* class*,39.0,2000-2010,0,1,0,4,0,7,0,1,19,0,1,1,5
178,CHED,chem* communication*,4.0,2000-2010,0,0,0,0,0,2,0,0,2,0,0,0,0
179,CHAS,chem* safety,4.0,2000-2010,0,0,0,2,0,0,0,0,1,0,0,0,1
180,CHAS,lab* safety,2.0,2000-2010,0,0,0,0,0,0,0,0,2,0,0,0,0
181,CHAS,chem* regulations,3.0,2000-2010,0,0,0,0,0,0,0,0,3,0,0,0,0
182,CHAS,environmental health and safety,4.0,2000-2010,0,1,0,1,0,2,0,0,0,0,0,0,0
183,CINF,chemical informatics,4.0,2000-2010,0,0,0,0,0,0,1,0,2,0,0,0,1
184,CINF,bio* modeling,120.0,2000-2010,0,10,0,4,2,37,0,0,57,3,2,3,2
185,CINF,computational chemistry,112.0,2000-2010,0,1,1,8,1,33,0,0,41,3,4,5,15
186,CINF,cheminformatic*,82.0,2000-2010,1,2,2,5,1,6,1,2,20,3,4,10,25
187,CINF,chemical info*,64.0,2000-2010,0,0,0,1,0,10,4,2,30,0,1,2,14
188,CINF,drug discovery,627.0,2000-2010,0,20,6,60,10,92,7,13,180,9,33,29,168
189,CINF,chem* database*,36.0,2000-2010,0,1,1,3,0,7,0,2,12,0,0,2,8
190,CINF,chem* librar*,38.0,2000-2010,0,0,0,6,0,14,1,1,8,0,2,2,4
191,CINF,chem* vocabulary,0.0,2000-2010,0,0,0,0,0,0,0,0,0,0,0,0,0
192,CINF,materials informatic*,3.0,2000-2010,0,0,0,0,0,1,0,0,0,0,0,0,2
193,TOXI,toxi*,1326.0,2000-2010,1,42,12,277,32,187,5,8,526,9,14,20,193
194,TOXI,antibody drug conjugate*,0.0,2000-2010,0,0,0,0,0,0,0,0,0,0,0,0,0
195,TOXI,chemical exposure*,6.0,2000-2010,0,0,0,2,1,1,0,0,2,0,0,0,0
196,CHAL,chem* patent*,0.0,2000-2010,0,0,0,0,0,0,0,0,0,0,0,0,0
197,CHAL,pharmaceutical patent*,0.0,2000-2010,0,0,0,0,0,0,0,0,0,0,0,0,0
198,CHAL,chem* in commerce,1.0,2000-2010,0,0,0,0,0,1,0,0,0,0,0,0,0
199,COLL,colloid*,89.0,2000-2010,0,4,0,6,2,24,0,0,51,1,0,0,1
200,COLL,surface chemistry,81.0,2000-2010,0,5,0,1,4,19,1,0,44,1,1,0,5
201,COLL,surface science,6.0,2000-2010,0,0,0,0,1,3,0,0,2,0,0,0,0
202,COLL,surfactant*,104.0,2000-2010,0,1,1,4,8,26,0,0,60,0,0,0,4
203,COLL,biomaterial*,112.0,2000-2010,0,2,0,4,2,24,0,0,75,1,0,0,4
204,COLL,biointerface*,1.0,2000-2010,0,0,0,0,0,0,0,0,1,0,0,0,0
205,COLL,nanomaterial*,49.0,2000-2010,0,1,0,4,0,13,0,1,25,0,0,1,4
206,COLL,coating material*,16.0,2000-2010,0,0,0,0,0,3,0,0,13,0,0,0,0
207,COLL,biomembrane*,7.0,2000-2010,0,0,0,0,0,2,0,0,5,0,0,0,0
208,COLL,nanoparticle*,158.0,2000-2010,0,4,1,2,2,60,0,1,80,2,0,2,4
209,COLL,polymer system*,6.0,2000-2010,0,0,0,1,0,2,0,0,3,0,0,0,0
210,COLL,adsorption,289.0,2000-2010,0,3,0,5,12,83,0,0,157,10,0,3,16
211,COLL,surface reaction*,21.0,2000-2010,0,2,0,0,0,9,0,0,9,0,0,0,1
212,COLL,tribolog*,257.0,2000-2010,0,1,0,1,1,67,0,0,169,6,0,1,11
213,COLL,nanomedicine*,12.0,2000-2010,0,1,0,0,0,7,0,0,3,1,0,0,0
214,COLL,low dimensional material*,0.0,2000-2010,0,0,0,0,0,0,0,0,0,0,0,0,0
215,COLL,molecular electronic*,26.0,2000-2010,0,1,0,0,0,11,0,0,13,0,0,0,1
216,COLL,mechanochem*,4.0,2000-2010,0,0,0,0,0,2,0,0,1,1,0,0,0
217,COLL,tribochem*,1.0,2000-2010,0,0,0,0,0,0,0,0,1,0,0,0,0
218,COLL,emuls*,113.0,2000-2010,0,0,0,4,0,23,0,0,82,1,0,0,3
219,COLL,nanotheranostic*,0.0,2000-2010,0,0,0,0,0,0,0,0,0,0,0,0,0
220,COLL,coacerv*,3.0,2000-2010,0,0,0,0,0,2,0,0,1,0,0,0,0
221,COLL,nanostructure,31.0,2000-2010,0,0,0,0,1,12,0,1,11,4,0,1,1
222,COLL,monolayer*,72.0,2000-2010,0,0,0,2,0,19,0,0,45,4,0,1,1
223,COLL,bilayer*,59.0,2000-2010,0,5,0,1,0,17,0,0,26,1,1,0,8
224,COLL,thin film*,448.0,2000-2010,0,5,0,3,2,145,0,0,263,15,0,0,15
225,COMP,chem* comput*,17.0,2000-2010,0,0,0,0,0,8,0,0,7,0,0,0,2
226,COMP,drug design,956.0,2000-2010,2,19,5,57,5,253,7,12,357,16,22,29,172
227,COMP,drug discovery,627.0,2000-2010,0,20,6,60,10,92,7,13,180,9,33,29,168
228,COMP,computational chem*,121.0,2000-2010,0,1,1,8,1,36,1,0,42,4,4,6,17
229,COMP,molecular mechanics,154.0,2000-2010,0,3,0,6,0,51,1,0,82,0,1,0,10
230,COMP,multiscale modeling,20.0,2000-2010,0,2,1,0,1,5,0,0,9,0,0,0,2
231,COMP,computational quantum chem*,1.0,2000-2010,0,0,0,0,0,0,0,0,0,0,0,0,1
232,COMP,quantum comp*,348.0,2000-2010,0,7,2,25,0,120,0,1,156,29,0,0,8
233,COMP,quantum dynamic*,30.0,2000-2010,0,0,0,0,0,13,0,0,15,1,0,0,1
234,COMP,multiscale computational modeling,1.0,2000-2010,0,0,0,0,0,0,0,0,1,0,0,0,0
235,COMP,computational model* of chem*,0.0,2000-2010,0,0,0,0,0,0,0,0,0,0,0,0,0
236,COMP,chem* database*,36.0,2000-2010,0,1,1,3,0,7,0,2,12,0,0,2,8
237,COMP,material* database*,24.0,2000-2010,0,1,0,4,0,8,0,0,11,0,0,0,0
238,COMP,protein database*,752.0,2000-2010,0,26,16,59,1,158,12,7,179,2,27,6,259
239,COMP,rna design*,5.0,2000-2010,0,1,0,1,0,2,0,0,1,0,0,0,0
240,COMP,density functional theory,244.0,2000-2010,0,9,0,1,3,139,1,0,77,2,1,1,10
241,COMP,computational cataly*,0.0,2000-2010,0,0,0,0,0,0,0,0,0,0,0,0,0
242,COMP,molecular model*,658.0,2000-2010,2,11,3,19,4,246,4,5,266,11,11,13,63
243,COMP,chem* librar*,38.0,2000-2010,0,0,0,6,0,14,1,1,8,0,2,2,4
244,COMP,chem* screen*,7.0,2000-2010,0,0,0,2,0,0,0,0,1,0,0,0,4
245,COMP,molecular recognition,177.0,2000-2010,0,4,0,2,1,53,0,0,81,1,2,1,32
246,COMP,computer-aided peptide design,1.0,2000-2010,0,0,0,0,0,1,0,0,0,0,0,0,0
247,ENFL,energy and fuel*,2.0,2000-2010,0,0,0,0,0,1,0,0,1,0,0,0,0
248,ENFL,energy application*,37.0,2000-2010,0,0,0,1,1,8,1,0,24,1,0,0,1
249,ENFL,fuel*,3150.0,2000-2010,0,50,2,51,90,1049,2,0,1414,342,3,5,142
250,ENFL,hydrocracking,21.0,2000-2010,0,0,0,1,0,10,0,0,7,3,0,0,0
251,ENFL,hydrotreating,7.0,2000-2010,0,0,0,0,0,1,0,0,6,0,0,0,0
252,ENFL,waste feedstock*,0.0,2000-2010,0,0,0,0,0,0,0,0,0,0,0,0,0
253,ENFL,energy technolog*,17.0,2000-2010,0,0,0,0,0,5,0,0,9,2,0,0,1
254,ENFL,*material* for energy,0.0,2000-2010,0,0,0,0,0,0,0,0,0,0,0,0,0
255,ENFL,gas separation*,15.0,2000-2010,0,0,0,0,0,8,0,0,6,0,0,0,1
256,ENFL,gas storage,21.0,2000-2010,0,1,0,0,2,5,0,0,10,0,0,0,3
257,ENFL,gas utilization,0.0,2000-2010,0,0,0,0,0,0,0,0,0,0,0,0,0
258,ENFL,hybrid solar cell*,0.0,2000-2010,0,0,0,0,0,0,0,0,0,0,0,0,0
259,ENFL,fuel* design,1.0,2000-2010,0,0,0,0,0,1,0,0,0,0,0,0,0
260,ENFL,aviation fuel*,8.0,2000-2010,0,0,0,0,0,8,0,0,0,0,0,0,0
261,ENFL,hydraulic frac*,54.0,2000-2010,0,2,0,2,1,19,0,0,30,0,0,0,0
262,ENFL,batter*,1012.0,2000-2010,0,30,4,36,8,285,2,0,495,96,3,2,51
263,ENFL,bioenergy,35.0,2000-2010,0,0,0,2,1,12,0,0,17,2,0,0,1
264,ENFL,petroleum,1846.0,2000-2010,0,87,2,139,138,351,1,0,981,40,0,8,99
265,ENFL,methane,294.0,2000-2010,0,7,0,7,21,73,0,0,170,3,0,0,13
266,ENFL,natural gas*,427.0,2000-2010,0,7,0,37,11,115,0,0,212,11,0,3,31
267,ENFL,lithium ion,48.0,2000-2010,0,0,0,0,1,13,0,0,28,2,0,0,4
268,ENFL,resource recovery,4.0,2000-2010,0,0,0,1,0,1,0,0,2,0,0,0,0
269,ENFL,energy conversion*,366.0,2000-2010,0,6,0,3,2,114,0,0,173,55,0,0,13
270,ENFL,hybrid energy,18.0,2000-2010,0,1,0,0,1,5,0,0,7,4,0,0,0
271,ENFL,porous material*,153.0,2000-2010,0,7,0,3,7,52,0,0,73,4,0,1,6
272,ENFL,environment* sustain*,44.0,2000-2010,0,2,1,2,1,8,0,0,23,2,0,0,5
273,ENFL,photocataly*,41.0,2000-2010,0,0,0,1,2,7,0,0,30,0,0,0,1
274,ENFL,biofuel*,40.0,2000-2010,0,3,0,3,1,14,0,0,16,1,0,0,2
275,ENFL,bio based product*,0.0,2000-2010,0,0,0,0,0,0,0,0,0,0,0,0,0
276,ENFL,energy material*,2.0,2000-2010,0,0,0,0,0,1,0,0,1,0,0,0,0
277,ENFL,carbon dioxide conversion,2.0,2000-2010,0,0,0,0,0,1,0,0,1,0,0,0,0
278,ENFL,carbon dioxide utilization,0.0,2000-2010,0,0,0,0,0,0,0,0,0,0,0,0,0
279,ENFL,renewable energy,485.0,2000-2010,0,13,1,5,11,149,1,0,213,76,1,0,15
280,ENFL,energy storage,310.0,2000-2010,0,2,0,9,2,133,0,0,107,46,0,1,10
281,ENFL,electrochemical,392.0,2000-2010,0,11,0,4,1,75,0,1,273,6,1,0,20
282,ENFL,solar energy,379.0,2000-2010,0,6,1,7,8,86,1,0,245,14,0,1,10
283,ENFL,artificial photosynthesis,2.0,2000-2010,0,0,0,0,0,1,0,0,1,0,0,0,0
284,ENFL,resource production,4.0,2000-2010,0,0,0,0,0,2,0,0,2,0,0,0,0
285,ENFL,oil industry,91.0,2000-2010,0,6,1,3,7,19,0,0,43,5,1,0,6
286,ENFL,gas industry,188.0,2000-2010,1,9,1,15,9,39,0,0,98,4,0,3,9
287,ENFL,oil and gas industry,70.0,2000-2010,1,4,1,5,3,12,0,0,37,0,0,3,4
288,ENFL,fuel cell*,510.0,2000-2010,0,4,0,7,0,159,0,0,246,66,0,0,28
289,ENFL,hybrid vehicle*,98.0,2000-2010,0,2,0,0,1,51,0,0,34,10,0,0,0
290,ENFL,cataly*,1124.0,2000-2010,0,14,4,18,7,383,4,2,568,26,4,8,86
291,ENFL,solar cell,132.0,2000-2010,0,0,0,0,1,60,0,0,55,15,0,0,1
292,ENFL,water splitting,1.0,2000-2010,0,0,0,0,0,0,0,0,1,0,0,0,0
293,ENFL,hydrogen generation,1.0,2000-2010,0,0,0,0,0,1,0,0,0,0,0,0,0
294,ENFL,gas hydrate*,30.0,2000-2010,0,1,0,0,4,6,0,0,17,0,0,0,2
295,ENFL,shale gas,7.0,2000-2010,0,0,0,0,0,3,0,0,4,0,0,0,0
296,ENFL,energy efficiency,615.0,2000-2010,0,14,2,16,13,224,1,0,253,59,0,2,31
297,ENFL,bio based chemical*,0.0,2000-2010,0,0,0,0,0,0,0,0,0,0,0,0,0
298,ENFL,hydrogen energy,27.0,2000-2010,0,0,0,0,0,10,0,0,16,1,0,0,0
299,ENFL,carbon management,2.0,2000-2010,0,1,0,0,1,0,0,0,0,0,0,0,0
300,ENFL,geothermal energy,23.0,2000-2010,0,1,0,2,2,8,0,0,7,2,0,0,1
301,ENVR,environmental chem*,36.0,2000-2010,0,2,0,3,3,5,2,1,13,0,1,1,5
302,ENVR,atmospher* chem*,75.0,2000-2010,0,7,0,7,9,0,1,1,43,0,1,0,6
303,ENVR,biomimetic membrane*,0.0,2000-2010,0,0,0,0,0,0,0,0,0,0,0,0,0
304,ENVR,cataly*,1124.0,2000-2010,0,14,4,18,7,383,4,2,568,26,4,8,86
305,ENVR,water treatment,489.0,2000-2010,0,18,2,18,9,88,1,2,324,3,0,1,23
306,ENVR,water purification,73.0,2000-2010,0,3,1,3,1,15,0,0,47,1,0,0,2
307,ENVR,plastic* recycling,4.0,2000-2010,0,0,0,0,0,1,0,0,2,0,0,0,1
308,ENVR,emerging contaminant*,0.0,2000-2010,0,0,0,0,0,0,0,0,0,0,0,0,0
309,ENVR,disinfection byproduct*,4.0,2000-2010,0,1,0,0,0,2,0,0,1,0,0,0,0
310,ENVR,environmental health,51.0,2000-2010,0,5,0,7,15,10,0,0,13,1,0,0,0
311,ENVR,two dimensional nanomaterial*,0.0,2000-2010,0,0,0,0,0,0,0,0,0,0,0,0,0
312,ENVR,environmental implication*,5.0,2000-2010,0,0,0,2,0,0,0,0,3,0,0,0,0
313,ENVR,water quality,1339.0,2000-2010,1,88,1,60,113,330,1,3,647,21,6,5,63
314,ENVR,water distribution,670.0,2000-2010,0,22,0,8,8,447,0,1,133,39,0,0,12
315,ENVR,water infrastructure,18.0,2000-2010,0,0,0,1,0,10,0,0,6,0,0,0,1
316,ENVR,water pollution,646.0,2000-2010,0,56,0,24,54,172,0,2,288,14,1,1,34
317,ENVR,agricultural waste*,14.0,2000-2010,0,0,0,1,0,5,0,0,8,0,0,0,0
318,ENVR,environmental monitor*,638.0,2000-2010,0,36,0,47,190,71,0,1,246,4,6,6,31
319,ENVR,environmental remediation*,12.0,2000-2010,0,1,0,1,2,4,0,0,4,0,0,0,0
320,ENVR,nanomaterial* in the environment,0.0,2000-2010,0,0,0,0,0,0,0,0,0,0,0,0,0
321,ENVR,environmental science,92.0,2000-2010,0,4,1,4,18,5,0,1,46,4,0,0,9
322,ENVR,biogeochemical transformation,1.0,2000-2010,0,1,0,0,0,0,0,0,0,0,0,0,0
323,ENVR,water contaminant*,9.0,2000-2010,0,1,0,0,2,2,0,0,4,0,0,0,0
324,ENVR,environment* research,41.0,2000-2010,0,3,0,4,5,3,1,1,16,0,0,0,8
325,ENVR,green chem*,2.0,2000-2010,0,0,0,0,0,1,0,0,1,0,0,0,0
326,ENVR,environmental bioprocess*,0.0,2000-2010,0,0,0,0,0,0,0,0,0,0,0,0,0
327,ENVR,micro plastic*,2.0,2000-2010,0,0,0,0,0,1,0,0,1,0,0,0,0
328,ENVR,stormwater,76.0,2000-2010,0,11,0,2,2,28,0,0,30,2,0,0,1
329,ENVR,environmental sustainability,35.0,2000-2010,0,2,1,1,1,5,0,0,20,1,0,0,4
330,ENVR,water channel*,7.0,2000-2010,0,0,0,0,1,0,0,0,4,0,0,0,2
331,ENVR,water purification,73.0,2000-2010,0,3,1,3,1,15,0,0,47,1,0,0,2
332,ENVR,water desalination,6.0,2000-2010,0,0,0,0,0,2,0,0,4,0,0,0,0
333,ENVR,biochar,0.0,2000-2010,0,0,0,0,0,0,0,0,0,0,0,0,0
334,ENVR,hydrochar,0.0,2000-2010,0,0,0,0,0,0,0,0,0,0,0,0,0
335,ENVR,water sustainability,1.0,2000-2010,0,1,0,0,0,0,0,0,0,0,0,0,0
336,ENVR,water analysis,289.0,2000-2010,2,25,0,12,29,66,0,0,127,4,1,2,21
337,ENVR,wastewater,721.0,2000-2010,1,20,4,19,17,137,0,2,483,12,0,2,24
338,ENVR,dissolved organic matter,39.0,2000-2010,0,1,0,0,2,7,0,0,28,1,0,0,0
339,ENVR,*sensor*,19247.0,2000-2010,4,1271,61,510,306,2688,72,20,11948,634,43,82,1608
340,ENVR,green infrastructure,0.0,2000-2010,0,0,0,0,0,0,0,0,0,0,0,0,0
341,ENVR,soil*,3648.0,2000-2010,1,125,1,193,1133,504,4,3,1445,61,24,14,140
342,ENVR,nanotechnology,480.0,2000-2010,0,15,0,14,2,93,1,2,313,19,0,2,19
343,ENVR,photooxidation,9.0,2000-2010,0,0,0,0,1,2,0,0,6,0,0,0,0
344,ENVR,water source*,60.0,2000-2010,0,2,0,3,4,27,0,0,19,2,0,0,3
345,ENVR,fertilizer*,199.0,2000-2010,0,9,0,16,69,25,1,0,72,3,0,0,4
346,ENVR,drinking water,206.0,2000-2010,0,15,1,13,20,56,1,1,96,0,0,0,3
347,ENVR,organic contaminant*,11.0,2000-2010,0,0,0,0,0,4,0,0,4,1,0,0,2
348,ENVR,microplastic pollution,0.0,2000-2010,0,0,0,0,0,0,0,0,0,0,0,0,0
349,ENVR,nanobubble*,2.0,2000-2010,0,0,0,0,0,0,0,0,1,0,0,0,1
350,ENVR,separation of salt*,0.0,2000-2010,0,0,0,0,0,0,0,0,0,0,0,0,0
351,ENVR,radionuclide*,76.0,2000-2010,0,8,0,17,10,1,1,1,36,0,0,0,2
352,ENVR,trace organic contaminant*,0.0,2000-2010,0,0,0,0,0,0,0,0,0,0,0,0,0
353,ENVR,soil plant system*,1.0,2000-2010,0,0,0,0,1,0,0,0,0,0,0,0,0
354,ENVR,nanotoxicology,2.0,2000-2010,0,0,0,1,0,0,0,0,1,0,0,0,0
355,ENVR,clay mineral*,79.0,2000-2010,0,3,0,5,12,10,0,0,39,2,0,2,6
356,ENVR,pesticides in surface water,1.0,2000-2010,0,0,0,0,0,0,0,0,1,0,0,0,0
357,FLUO,fluorine*,217.0,2000-2010,0,16,4,15,7,49,3,1,78,20,1,1,22
358,FLUO,radiopharmaceutical chem*,0.0,2000-2010,0,0,0,0,0,0,0,0,0,0,0,0,0
359,GEOC,*geochem*,328.0,2000-2010,0,25,0,27,120,32,0,0,108,4,2,2,8
360,GEOC,iron oxide*,37.0,2000-2010,0,0,0,4,5,10,0,0,17,0,0,0,1
361,GEOC,inorganic solid*,2.0,2000-2010,0,0,0,0,0,0,0,0,1,0,1,0,0
362,GEOC,oil and gas development,2.0,2000-2010,0,0,0,0,0,1,0,0,1,0,0,0,0
363,GEOC,manganese oxide*,5.0,2000-2010,0,0,0,0,0,3,0,0,2,0,0,0,0
364,GEOC,contaminated soil,32.0,2000-2010,0,2,0,2,21,2,0,0,3,2,0,0,0
365,GEOC,groundwater,1264.0,2000-2010,1,93,1,18,330,318,0,1,438,18,2,5,39
366,GEOC,geogenic,3.0,2000-2010,0,0,0,0,3,0,0,0,0,0,0,0,0
367,GEOC,anthropogenic,200.0,2000-2010,0,11,0,18,62,20,0,0,77,0,6,1,5
368,GEOC,clathrate hydrate,1.0,2000-2010,0,0,0,0,0,0,0,0,1,0,0,0,0
369,GEOC,geological process*,19.0,2000-2010,0,1,0,0,5,5,0,0,8,0,0,0,0
370,GEOC,mineral dissolution,0.0,2000-2010,0,0,0,0,0,0,0,0,0,0,0,0,0
371,GEOC,contaminated site remediation,1.0,2000-2010,0,0,0,0,0,0,0,0,1,0,0,0,0
372,GEOC,biomineralization,31.0,2000-2010,0,1,0,1,1,4,0,0,19,1,0,0,4
373,GEOC,hydraulic frac*,54.0,2000-2010,0,2,0,2,1,19,0,0,30,0,0,0,0
374,GEOC,soil ecosystem*,1.0,2000-2010,0,0,0,0,0,0,0,0,0,1,0,0,0
375,GEOC,unconventional oil and gas development,0.0,2000-2010,0,0,0,0,0,0,0,0,0,0,0,0,0
376,GEOC,cementitious material*,10.0,2000-2010,0,0,0,1,0,0,0,0,8,1,0,0,0
377,HIST,chem* histor*,1.0,2000-2010,0,0,0,0,0,0,0,0,1,0,0,0,0
378,HIST,history of chem*,1.0,2000-2010,0,0,0,0,0,0,0,0,1,0,0,0,0
379,HIST,evolution of chem*,2.0,2000-2010,0,0,0,0,0,1,0,0,1,0,0,0,0
380,I&EC,industrial and engineering chemistry,2.0,2000-2010,0,0,0,0,0,1,0,0,1,0,0,0,0
381,I&EC,industrial chem*,66.0,2000-2010,0,2,0,6,1,17,0,0,35,2,0,0,3
382,I&EC,molten salt*,6.0,2000-2010,0,0,0,0,0,1,0,0,4,0,0,0,1
383,I&EC,recycling material*,0.0,2000-2010,0,0,0,0,0,0,0,0,0,0,0,0,0
384,I&EC,material* recovery,7.0,2000-2010,0,0,0,0,0,2,0,0,5,0,0,0,0
385,I&EC,water desalination,6.0,2000-2010,0,0,0,0,0,2,0,0,4,0,0,0,0
386,I&EC,rare earth element*,33.0,2000-2010,0,0,0,1,2,8,0,0,16,2,0,0,4
387,I&EC,chem* industrial application*,0.0,2000-2010,0,0,0,0,0,0,0,0,0,0,0,0,0
388,I&EC,separation science*,2.0,2000-2010,0,0,0,0,0,1,0,0,1,0,0,0,0
389,I&EC,water purification,73.0,2000-2010,0,3,1,3,1,15,0,0,47,1,0,0,2
390,I&EC,industrial and engineering chemistry,2.0,2000-2010,0,0,0,0,0,1,0,0,1,0,0,0,0
391,INOR,*inorganic chem*,11.0,2000-2010,0,0,0,2,0,3,0,0,4,0,0,0,2
392,INOR,organometallic*,37.0,2000-2010,0,3,0,4,0,5,0,0,21,0,1,0,3
393,INOR,phosphorus chem*,0.0,2000-2010,0,0,0,0,0,0,0,0,0,0,0,0,0
394,INOR,metallodrug*,0.0,2000-2010,0,0,0,0,0,0,0,0,0,0,0,0,0
395,INOR,*inorganic cataly*,0.0,2000-2010,0,0,0,0,0,0,0,0,0,0,0,0,0
396,INOR,chemistry of material*,0.0,2000-2010,0,0,0,0,0,0,0,0,0,0,0,0,0
397,INOR,metal organic framework*,3.0,2000-2010,0,0,0,0,0,3,0,0,0,0,0,0,0
398,INOR,nanomaterial*,49.0,2000-2010,0,1,0,4,0,13,0,1,25,0,0,1,4
399,INOR,coordination chem*,1.0,2000-2010,0,0,0,0,0,1,0,0,0,0,0,0,0
400,INOR,electrochem*,549.0,2000-2010,0,12,0,9,1,108,0,1,378,14,1,1,24
401,INOR,lanthanide*,16.0,2000-2010,0,0,0,0,0,4,0,0,12,0,0,0,0
402,INOR,actinide*,12.0,2000-2010,0,1,0,0,2,3,0,0,5,0,0,0,1
403,INOR,electrocataly*,4.0,2000-2010,0,0,0,0,0,1,0,0,3,0,0,0,0
404,INOR,nanoscience*,18.0,2000-2010,0,0,0,0,0,11,0,0,7,0,0,0,0
405,INOR,metal nanostructure*,0.0,2000-2010,0,0,0,0,0,0,0,0,0,0,0,0,0
406,INOR,solid state phenomen*,1.0,2000-2010,0,0,0,0,0,0,0,0,1,0,0,0,0
407,MEDI,medic* chem*,96.0,2000-2010,0,0,0,5,0,27,1,2,34,3,4,3,17
408,MEDI,drug discovery,627.0,2000-2010,0,20,6,60,10,92,7,13,180,9,33,29,168
409,MEDI,immunomodulator*,7.0,2000-2010,0,0,0,4,0,1,0,0,0,0,1,0,1
410,MEDI,lipophil*,150.0,2000-2010,0,1,0,4,4,39,1,1,76,1,5,5,13
411,MEDI,protein degradation,111.0,2000-2010,0,4,0,10,0,24,0,0,53,0,1,2,17
412,MEDI,sulfonamide*,53.0,2000-2010,0,0,0,11,0,14,0,1,20,1,1,0,5
413,MEDI,glioblastoma*,57.0,2000-2010,0,3,0,6,0,17,0,0,15,0,3,0,13
414,MEDI,pancreatic cancer,47.0,2000-2010,0,0,0,15,2,6,1,0,15,0,1,1,6
415,MEDI,drug design,956.0,2000-2010,2,19,5,57,5,253,7,12,357,16,22,29,172
416,MEDI,protein interaction*,1144.0,2000-2010,0,97,22,55,3,229,27,9,345,8,31,10,308
417,MEDI,neurodegeneration,27.0,2000-2010,0,0,0,0,0,1,0,0,25,0,0,0,1
418,MEDI,targeting rna,0.0,2000-2010,0,0,0,0,0,0,0,0,0,0,0,0,0
419,MEDI,brain penetration,1.0,2000-2010,0,0,0,0,0,0,0,0,1,0,0,0,0
420,MEDI,neuro-oncology,3.0,2000-2010,0,0,0,0,0,0,0,0,3,0,0,0,0
421,MEDI,opioid epidemic,0.0,2000-2010,0,0,0,0,0,0,0,0,0,0,0,0,0
422,MEDI,gasotransmitter*,1.0,2000-2010,0,0,0,0,0,0,0,0,1,0,0,0,0
423,MEDI,pi3k inhibitor*,2.0,2000-2010,0,0,0,0,0,0,0,1,0,0,0,0,1
424,MEDI,atropisomer*,0.0,2000-2010,0,0,0,0,0,0,0,0,0,0,0,0,0
425,MEDI,cyp450 enzyme*,0.0,2000-2010,0,0,0,0,0,0,0,0,0,0,0,0,0
426,MEDI,muscarinic receptor*,35.0,2000-2010,0,0,0,5,1,0,0,0,28,0,0,0,1
427,MEDI,hiv 1 infection,9.0,2000-2010,0,0,1,3,0,3,0,0,1,0,0,0,1
428,MEDI,neuropathic pain,26.0,2000-2010,0,0,1,12,0,3,0,0,10,0,0,0,0
429,MEDI,antibiotic*,428.0,2000-2010,0,11,4,198,0,57,2,0,114,6,4,5,27
430,MEDI,kinase inhibitor*,143.0,2000-2010,0,3,2,17,0,39,0,2,32,2,5,1,40
431,MEDI,macrocycle*,1.0,2000-2010,0,0,0,0,0,0,0,0,1,0,0,0,0
432,MEDI,cyclopeptide*,3.0,2000-2010,0,0,0,1,0,0,0,0,2,0,0,0,0
433,MEDI,misfolded protein*,0.0,2000-2010,0,0,0,0,0,0,0,0,0,0,0,0,0
434,NUCL,nuclear tech*,5.0,2000-2010,0,0,0,0,0,1,0,0,4,0,0,0,0
435,NUCL,nuclear chem*,3.0,2000-2010,0,1,0,0,0,0,0,0,2,0,0,0,0
436,NUCL,actinide*,12.0,2000-2010,0,1,0,0,2,3,0,0,5,0,0,0,1
437,NUCL,radiochem*,5.0,2000-2010,0,0,0,1,0,0,0,0,3,0,0,0,1
438,NUCL,nuclear waste,12.0,2000-2010,0,2,0,2,1,3,0,0,4,0,0,0,0
439,NUCL,nuclear forensic*,0.0,2000-2010,0,0,0,0,0,0,0,0,0,0,0,0,0
440,NUCL,radioisotope*,108.0,2000-2010,0,6,0,16,6,16,1,1,59,0,0,0,3
441,NUCL,nuclear fuel*,116.0,2000-2010,0,4,0,3,1,40,0,0,57,8,0,0,3
442,NUCL,lanthanide*,16.0,2000-2010,0,0,0,0,0,4,0,0,12,0,0,0,0
443,NUCL,radiotherapeutic*,3.0,2000-2010,0,0,0,0,0,1,0,0,2,0,0,0,0
444,NUCL,nuclear reaction*,16.0,2000-2010,0,2,0,0,0,5,0,0,6,0,0,0,3
445,NUCL,molten salt reactor*,0.0,2000-2010,0,0,0,0,0,0,0,0,0,0,0,0,0
446,NUCL,concentrated electrolyte*,0.0,2000-2010,0,0,0,0,0,0,0,0,0,0,0,0,0
447,NUCL,nuclear medicine*,36.0,2000-2010,0,0,0,7,0,3,0,0,24,0,0,0,2
448,NUCL,isotope*,177.0,2000-2010,0,11,0,15,22,35,0,0,90,0,1,0,3
449,NUCL,accelerator facilit*,3.0,2000-2010,0,0,0,0,0,1,0,0,2,0,0,0,0
450,NUCL,curium,1.0,2000-2010,0,0,0,0,0,0,0,0,1,0,0,0,0
451,NUCL,nuclear fission,33.0,2000-2010,0,3,0,1,0,6,0,0,19,3,0,0,1
452,ORGN,organic chem*,194.0,2000-2010,0,1,0,13,7,38,1,0,98,1,8,2,25
453,ORGN,organic synthes*,7.0,2000-2010,0,0,0,2,0,0,0,0,3,0,1,0,1
454,ORGN,asymmetric reaction*,5.0,2000-2010,0,0,0,0,0,1,0,0,4,0,0,0,0
455,ORGN,asymmetric synthes*,4.0,2000-2010,0,0,0,0,0,3,0,0,1,0,0,0,0
456,ORGN,biocataly*,29.0,2000-2010,0,0,0,0,0,13,0,0,10,1,1,0,4
457,ORGN,carbon allotrope*,2.0,2000-2010,0,0,0,0,0,0,0,0,1,0,0,0,1
458,ORGN,cross coupling reaction*,4.0,2000-2010,0,0,0,0,0,0,0,0,4,0,0,0,0
459,ORGN,heterocycle*,12.0,2000-2010,0,0,0,1,0,5,0,0,6,0,0,0,0
460,ORGN,aromatic*,427.0,2000-2010,0,9,1,11,16,112,1,1,222,5,4,3,42
461,ORGN,organic electrochem*,0.0,2000-2010,0,0,0,0,0,0,0,0,0,0,0,0,0
462,ORGN,molecular recognition,177.0,2000-2010,0,4,0,2,1,53,0,0,81,1,2,1,32
463,ORGN,molecular self assembly,2.0,2000-2010,0,0,0,0,0,1,0,0,1,0,0,0,0
464,ORGN,organometallic*,37.0,2000-2010,0,3,0,4,0,5,0,0,21,0,1,0,3
465,ORGN,peptide*,1307.0,2000-2010,3,30,7,89,9,238,15,5,552,9,30,16,304
466,ORGN,protein*,9909.0,2000-2010,8,376,105,781,41,2384,135,68,3373,96,218,119,2205
467,ORGN,amino acid*,3210.0,2000-2010,7,71,24,172,8,683,36,27,1093,22,72,36,959
468,ORGN,photoredox,0.0,2000-2010,0,0,0,0,0,0,0,0,0,0,0,0,0
469,ORGN,complex molecule*,10.0,2000-2010,0,0,1,0,0,3,0,1,2,0,0,0,3
470,ORGN,enzyme engineering,6.0,2000-2010,0,0,0,2,0,2,0,0,2,0,0,0,0
471,ORGN,synthetic chem*,3.0,2000-2010,0,0,0,1,0,2,0,0,0,0,0,0,0
472,ORGN,organic molecule*,90.0,2000-2010,0,1,0,2,0,29,0,0,41,1,4,0,12
473,ORGN,polymer chem*,5.0,2000-2010,0,0,0,1,0,1,0,0,3,0,0,0,0
474,ORGN,carbon nanotube* chem*,1.0,2000-2010,0,0,0,0,0,0,0,0,1,0,0,0,0
475,ORGN,graphene chem*,0.0,2000-2010,0,0,0,0,0,0,0,0,0,0,0,0,0
476,ORGN,organic electronic*,6.0,2000-2010,0,0,0,0,0,0,0,0,5,1,0,0,0
477,ORGN,amide bond*,3.0,2000-2010,0,0,0,0,0,1,0,0,1,0,0,0,1
478,ORGN,chemical biology,10.0,2000-2010,0,1,0,0,0,1,0,0,4,0,1,0,3
479,PHYS,physical chem*,671.0,2000-2010,3,3,5,51,21,110,6,5,303,4,20,16,124
480,PHYS,nonlinear optic*,105.0,2000-2010,0,2,0,0,3,34,0,0,59,0,0,0,7
481,PHYS,electrochem*,549.0,2000-2010,0,12,0,9,1,108,0,1,378,14,1,1,24
482,PHYS,biomolecular structure*,3.0,2000-2010,0,1,0,0,0,1,0,0,1,0,0,0,0
483,PHYS,biomolecular dynamic*,1.0,2000-2010,0,0,0,0,0,1,0,0,0,0,0,0,0
484,PHYS,biophysic*,763.0,2000-2010,0,24,0,25,15,71,3,1,533,7,5,5,74
485,PHYS,ion*,2838.0,2000-2010,5,40,10,166,79,527,8,8,1626,45,38,16,270
486,PHYS,2d material*,0.0,2000-2010,0,0,0,0,0,0,0,0,0,0,0,0,0
487,PHYS,two dimensional material*,2.0,2000-2010,0,0,0,0,0,0,0,0,2,0,0,0,0
488,PHYS,amyloid,80.0,2000-2010,0,0,0,6,0,15,0,0,44,0,5,0,10
489,PHYS,graph theory,2395.0,2000-2010,0,292,48,173,18,788,19,9,797,82,5,15,149
490,PHYS,molecular electronic*,26.0,2000-2010,0,1,0,0,0,11,0,0,13,0,0,0,1
491,PHYS,optical imaging,89.0,2000-2010,0,6,0,2,3,11,0,0,59,0,0,0,8
492,PHYS,electro*,24866.0,2000-2010,14,895,88,770,1045,5130,160,34,13450,963,70,118,2129
493,PHYS,materials for energy,0.0,2000-2010,0,0,0,0,0,0,0,0,0,0,0,0,0
494,PHYS,molecular assembl*,7.0,2000-2010,0,0,0,0,0,4,0,0,2,1,0,0,0
495,PHYS,biomaterial*,112.0,2000-2010,0,2,0,4,2,24,0,0,75,1,0,0,4
496,PHYS,biomolecular structure*,3.0,2000-2010,0,1,0,0,0,1,0,0,1,0,0,0,0
497,PHYS,microscopy,1095.0,2000-2010,1,43,3,44,9,194,7,5,686,2,10,2,89
498,PHYS,spectroscopy,3123.0,2000-2010,3,92,7,64,47,598,5,6,1659,36,21,20,565
499,PHYS,redox flow batter*,1.0,2000-2010,0,0,0,0,0,0,0,0,1,0,0,0,0
500,PHYS,computational molecular science,1.0,2000-2010,0,0,0,0,0,1,0,0,0,0,0,0,0
501,PHYS,exciton*,14.0,2000-2010,0,0,0,0,0,8,0,0,6,0,0,0,0
502,PHYS,astrochem*,2.0,2000-2010,0,0,0,0,0,1,0,0,1,0,0,0,0
503,PHYS,density functional theory,244.0,2000-2010,0,9,0,1,3,139,1,0,77,2,1,1,10
504,PHYS,chiral*,140.0,2000-2010,0,1,0,9,0,56,0,0,58,2,3,1,10
505,PHYS,nano*,1755.0,2000-2010,0,52,5,32,24,488,1,4,1014,54,2,7,72
506,PHYS,enzyme specificity,81.0,2000-2010,0,0,0,7,0,16,2,1,26,0,0,0,29
507,PHYS,enzyme promiscuity,0.0,2000-2010,0,0,0,0,0,0,0,0,0,0,0,0,0
508,PHYS,liquid theory,0.0,2000-2010,0,0,0,0,0,0,0,0,0,0,0,0,0
509,PHYS,membrane protein*,335.0,2000-2010,1,2,4,21,0,52,3,5,138,1,6,2,100
510,PHYS,molecular fluid*,1.0,2000-2010,0,0,0,0,0,0,0,0,1,0,0,0,0
511,PHYS,photoactivit*,1.0,2000-2010,0,0,0,0,0,0,0,0,1,0,0,0,0
512,PHYS,atom*,1691.0,2000-2010,1,63,11,51,30,635,11,8,686,28,13,14,140
513,PHYS,quantum*,2548.0,2000-2010,0,62,9,51,25,799,2,2,1030,406,4,9,149
514,POLY,polymer*,2470.0,2000-2010,1,59,13,120,39,778,6,6,1196,58,19,11,164
515,POLY,polyolefin*,7.0,2000-2010,0,1,0,2,0,1,0,0,2,0,0,0,1
516,POLY,biomacromolecule*,3.0,2000-2010,0,0,0,0,0,0,1,0,0,0,0,0,2
517,POLY,macromolecule*,114.0,2000-2010,0,3,0,4,2,41,2,4,40,1,2,2,13
518,POLY,plastic*,3072.0,2000-2010,0,28,5,51,41,481,1,0,2340,47,3,5,70
519,POLY,polymeriz*,358.0,2000-2010,0,10,0,2,1,101,0,0,215,13,0,0,16
520,POLY,polymeric,184.0,2000-2010,0,2,1,5,1,47,0,1,121,3,0,0,3
521,POLY,block copolymer*,14.0,2000-2010,0,0,1,0,0,4,0,1,8,0,0,0,0
522,POLY,poly 2 oxazoline*,0.0,2000-2010,0,0,0,0,0,0,0,0,0,0,0,0,0
523,POLY,biomimicry,12.0,2000-2010,0,0,0,0,0,1,0,0,8,3,0,0,0
524,POLY,lignin,32.0,2000-2010,0,0,0,2,1,8,0,0,21,0,0,0,0
525,PMSE,polymer* material*,31.0,2000-2010,0,0,0,3,0,7,0,0,21,0,0,0,0
526,PMSE,polymer* science,13.0,2000-2010,0,0,0,1,0,5,0,0,5,0,0,1,1
527,PMSE,*polymer*,2563.0,2000-2010,1,65,13,121,40,812,6,6,1238,61,19,12,169
528,PMSE,coating material*,16.0,2000-2010,0,0,0,0,0,3,0,0,13,0,0,0,0
529,PMSE,thin film*,448.0,2000-2010,0,5,0,3,2,145,0,0,263,15,0,0,15
530,PMSE,polyolefin*,7.0,2000-2010,0,1,0,2,0,1,0,0,2,0,0,0,1
531,PMSE,macromolecul*,159.0,2000-2010,0,4,0,6,2,56,3,4,60,1,3,3,17
532,PMSE,tissue engineering,147.0,2000-2010,0,5,0,6,0,21,1,0,105,0,0,0,9
533,PMSE,*peptide*,1594.0,2000-2010,3,33,9,105,9,281,19,7,672,9,35,18,394
534,PMSE,nanoclay*,3.0,2000-2010,0,0,0,0,0,0,0,0,2,1,0,0,0
535,PMSE,polyelectrolyte*,26.0,2000-2010,0,0,0,0,1,6,0,0,17,1,0,1,0
536,PMSE,polyphosphazene*,1.0,2000-2010,0,0,0,0,0,0,0,0,1,0,0,0,0
537,PROF,chem* education,0.0,2000-2010,0,0,0,0,0,0,0,0,0,0,0,0,0
538,RUBB,rubber*,225.0,2000-2010,0,1,1,6,4,58,0,0,145,1,0,1,8
539,SCHB,chem* sector*,1.0,2000-2010,0,0,0,0,0,0,0,0,0,0,0,0,1
540,SCHB,academic entrepreneur*,0.0,2000-2010,0,0,0,0,0,0,0,0,0,0,0,0,0
541,SCHB,commercial chem*,0.0,2000-2010,0,0,0,0,0,0,0,0,0,0,0,0,0
542,SCHB,science advoca*,0.0,2000-2010,0,0,0,0,0,0,0,0,0,0,0,0,0
543,AGFD,agricultur*,14314.0,2011-2020,49,434,143,1634,1259,1187,135,131,4627,483,1477,517,2238
544,AGFD,food,7517.0,2011-2020,13,252,57,869,162,785,122,79,2679,431,631,255,1182
545,AGFD,microbiological hazard*,5.0,2011-2020,0,2,0,3,0,0,0,0,0,0,0,0,0
546,AGFD,metabolomic*,1024.0,2011-2020,2,35,35,102,6,68,9,11,125,7,321,81,222
547,AGFD,antibiotic*,1054.0,2011-2020,1,57,12,254,10,133,10,15,212,8,116,52,174
548,AGFD,breath monitoring,1.0,2011-2020,0,0,0,0,0,0,0,0,1,0,0,0,0
549,AGFD,chocolate*,33.0,2011-2020,0,0,0,6,0,2,2,0,14,0,3,1,5
550,AGFD,traditional chinese medicine,644.0,2011-2020,1,20,10,68,1,47,12,11,214,15,50,9,186
551,AGFD,wine,720.0,2011-2020,4,20,19,66,22,65,14,12,246,35,49,29,139
552,AGFD,nut*,3888.0,2011-2020,9,179,33,488,333,336,58,49,1174,90,435,193,511
553,AGFD,allergen*,183.0,2011-2020,0,7,4,33,5,9,3,5,46,0,25,15,31
554,AGFD,fresh produce,29.0,2011-2020,0,3,0,3,0,4,0,1,9,2,2,2,3
555,AGFD,cereal*,259.0,2011-2020,0,7,3,37,11,20,1,1,81,4,34,8,52
556,AGFD,gut microbiome*,123.0,2011-2020,0,6,5,7,0,5,1,1,13,0,68,5,12
557,AGFD,biomass,3140.0,2011-2020,9,124,7,400,180,395,8,23,853,135,520,184,302
558,AGFD,biosensor*,593.0,2011-2020,2,13,5,37,8,67,11,8,283,22,19,17,101
559,AGFD,sensory evaluation,170.0,2011-2020,1,2,5,15,1,13,0,1,80,7,13,4,28
560,AGFD,endocrine disrupting,74.0,2011-2020,0,3,1,11,1,6,4,2,14,0,8,8,16
561,AGFD,ferment*,1217.0,2011-2020,3,31,2,42,31,269,5,7,510,91,33,19,174
562,AGFD,nanoencapsulation,23.0,2011-2020,0,1,0,2,0,5,0,0,13,1,0,0,1
563,AGFD,bioactive,345.0,2011-2020,1,7,6,15,3,68,9,4,132,6,26,12,56
564,AGFD,pectin*,61.0,2011-2020,0,3,1,5,1,5,2,1,33,0,3,2,5
565,AGFD,beer,224.0,2011-2020,0,2,0,16,3,28,4,2,95,14,9,14,37
566,AGFD,spirits,251.0,2011-2020,1,20,10,10,16,25,4,2,87,9,12,12,43
567,AGFD,edible,350.0,2011-2020,1,4,2,32,6,42,3,4,117,9,25,6,99
568,AGFD,phenolic*,296.0,2011-2020,0,2,1,13,0,37,1,2,180,2,13,4,41
569,AGFD,phytochemical*,133.0,2011-2020,0,0,2,8,1,33,4,0,37,1,23,4,20
570,AGFD,biopolymer*,100.0,2011-2020,0,3,0,2,1,15,0,0,62,3,2,1,11
571,AGFD,nutrition*,1739.0,2011-2020,6,51,22,285,54,112,41,32,510,39,186,128,273
572,AGFD,microbiome,517.0,2011-2020,0,20,23,45,3,43,6,8,67,1,219,30,52
573,AGFD,dietary,673.0,2011-2020,0,34,11,130,6,47,9,7,220,10,87,39,73
574,AGFD,fungicide*,94.0,2011-2020,0,4,0,10,7,3,0,1,30,1,17,5,16
575,AGFD,huanglongbing,59.0,2011-2020,0,0,0,8,3,2,4,2,10,0,5,3,22
576,AGFD,flavor,505.0,2011-2020,1,27,12,46,5,51,1,3,213,13,32,24,77
577,AGFD,space travel,12.0,2011-2020,0,1,0,1,0,2,0,0,5,2,0,0,1
578,AGFD,extreme environment*,97.0,2011-2020,0,11,0,9,6,15,1,0,31,8,8,3,5
579,AGFD,fruit*,4425.0,2011-2020,13,69,52,290,89,436,66,67,1828,255,217,88,955
580,AGFD,tea,691.0,2011-2020,1,4,6,62,14,69,6,6,245,13,54,19,192
581,AGFD,cotton,684.0,2011-2020,1,6,3,59,22,65,5,5,276,30,49,17,146
582,AGFD,seafood*,75.0,2011-2020,0,6,2,13,1,8,2,1,21,0,6,2,13
583,AGFD,nutrient*,1951.0,2011-2020,3,116,9,192,280,189,13,19,562,40,248,63,217
584,AGFD,artisanal,30.0,2011-2020,0,5,0,2,4,3,0,0,8,0,2,2,4
585,AGFD,vegetable*,1069.0,2011-2020,3,23,5,94,28,131,10,11,451,29,69,31,184
586,AGFD,coffee,417.0,2011-2020,1,14,3,47,32,37,10,5,144,11,34,10,69
587,AGFD,cocoa,71.0,2011-2020,0,0,0,4,2,5,1,2,29,1,5,3,19
588,AGFD,protein*,18794.0,2011-2020,37,644,381,1672,135,2895,272,260,5017,299,2070,668,4444
589,AGRO,agrochemical,51.0,2011-2020,0,1,1,5,9,5,1,1,18,0,3,2,5
590,AGRO,agrochemicals,51.0,2011-2020,0,1,1,5,9,5,1,1,18,0,3,2,5
591,AGRO,cannabis,98.0,2011-2020,0,5,0,7,2,2,3,0,35,0,14,12,18
592,AGRO,insecticide*,137.0,2011-2020,0,6,0,13,12,20,1,3,47,2,8,3,22
593,AGRO,hemp,35.0,2011-2020,0,2,0,0,2,3,0,0,23,0,0,0,5
594,AGRO,developing countr*,1557.0,2011-2020,3,51,19,217,56,161,39,24,517,77,116,79,198
595,AGRO,glyphosate,28.0,2011-2020,0,1,0,5,1,1,0,1,9,0,6,0,4
596,AGRO,degradant*,9.0,2011-2020,0,0,0,1,0,1,0,0,2,0,1,2,2
597,AGRO,agroecosystem*,63.0,2011-2020,0,7,0,13,7,3,0,0,8,0,16,3,6
598,AGRO,pesticide*,708.0,2011-2020,4,33,8,82,30,75,6,7,272,17,50,15,109
599,AGRO,soil,12949.0,2011-2020,41,516,68,1343,2532,1069,66,57,3540,350,1431,540,1396
600,AGRO,microplastic*,19.0,2011-2020,0,2,0,3,0,1,0,1,6,0,1,0,5
601,AGRO,stereoisomer*,66.0,2011-2020,0,0,0,8,0,15,0,3,18,2,5,4,11
602,AGRO,fumigant*,2.0,2011-2020,0,0,0,0,1,0,0,0,0,0,0,0,1
603,AGRO,crop*,8815.0,2011-2020,24,187,83,1150,604,555,92,76,3013,206,1102,355,1368
604,AGRO,pollinator,59.0,2011-2020,0,1,1,9,0,9,4,2,14,4,12,1,2
605,AGRO,semiochemical,1.0,2011-2020,0,0,0,0,0,0,0,0,0,0,1,0,0
606,AGRO,metabolite*,1337.0,2011-2020,1,51,26,131,18,160,16,12,279,16,318,85,224
607,AGRO,surface water,1379.0,2011-2020,6,95,12,152,146,118,5,3,475,46,113,48,160
608,AGRO,groundwater,3065.0,2011-2020,4,195,10,208,694,417,7,11,828,163,179,89,260
609,AGRO,water sediment interface,3.0,2011-2020,0,0,0,0,0,2,0,0,1,0,0,0,0
610,AGRO,habitat protection,7.0,2011-2020,0,1,0,2,0,2,0,0,0,0,2,0,0
611,AGRO,herbicide*,259.0,2011-2020,2,8,1,29,12,17,6,3,95,8,23,2,53
612,AGRO,neonicotinoid*,13.0,2011-2020,0,1,0,2,0,2,0,0,6,0,0,0,2
613,AGRO,xenobiotic*,182.0,2011-2020,2,7,1,27,2,16,6,6,37,2,25,6,45
614,AGRO,agricultural emission*,15.0,2011-2020,0,1,0,0,5,0,0,0,6,0,1,1,1
615,AGRO,ecotoxicity,105.0,2011-2020,0,9,3,13,2,21,0,1,26,0,5,10,15
616,AGRO,veterinary drug*,13.0,2011-2020,0,0,0,5,0,2,0,0,3,0,2,0,1
617,ANYL,analytical chemistry,75.0,2011-2020,0,1,0,5,0,9,0,0,30,1,5,4,20
618,ANYL,spectrometry,3825.0,2011-2020,12,90,60,387,118,389,36,41,981,46,522,152,991
619,ANYL,analytical separation*,1.0,2011-2020,0,0,0,0,0,0,0,0,1,0,0,0,0
620,ANYL,sensor*,48145.0,2011-2020,76,2472,670,3221,1426,4641,628,542,20886,3138,2221,1267,6957
621,ANYL,nanotechnology,1391.0,2011-2020,0,36,13,56,14,212,17,11,812,57,24,28,111
622,ANYL,nanozyme*,2.0,2011-2020,0,0,0,0,0,0,0,0,1,0,0,1,0
623,ANYL,spectroscopy,13502.0,2011-2020,30,328,131,897,274,1424,77,123,4267,412,921,356,4262
624,ANYL,biosensing,291.0,2011-2020,0,6,3,13,0,25,0,6,151,9,15,10,53
625,ANYL,chemical forensic*,3.0,2011-2020,0,0,0,1,1,0,0,0,0,0,1,0,0
626,ANYL,chemometric*,2436.0,2011-2020,4,14,15,156,31,303,21,21,713,45,180,76,857
627,ANYL,groundwater,3065.0,2011-2020,4,195,10,208,694,417,7,11,828,163,179,89,260
628,ANYL,chemical identification,26.0,2011-2020,0,0,1,5,0,1,0,2,8,0,0,2,7
629,ANYL,bioanaly*,33.0,2011-2020,0,1,1,13,0,2,0,0,10,0,2,1,3
630,ANYL,chemical assay*,21.0,2011-2020,0,1,1,2,5,0,0,1,2,1,4,1,3
631,ANYL,characterization*,10264.0,2011-2020,21,644,240,729,621,1103,119,77,3837,324,620,306,1623
632,ANYL,organic analys*,2.0,2011-2020,0,0,0,0,0,2,0,0,0,0,0,0,0
633,ANYL,biosensor*,593.0,2011-2020,2,13,5,37,8,67,11,8,283,22,19,17,101
634,ANYL,proteomic*,1657.0,2011-2020,0,70,47,171,10,156,32,21,325,21,223,55,526
635,ANYL,chromatography,2509.0,2011-2020,5,52,20,189,30,361,14,23,775,52,305,86,597
636,ANYL,blood based diagnostic*,7.0,2011-2020,0,0,0,1,0,1,0,0,1,0,1,0,3
637,ANYL,cancer detection,1755.0,2011-2020,10,22,34,157,6,86,51,43,711,51,102,44,438
638,BIOT,biochemi*,3523.0,2011-2020,9,133,39,316,72,395,28,38,1240,155,317,143,638
639,BIOT,biotechnology,798.0,2011-2020,1,20,16,46,8,183,16,8,274,44,33,12,137
640,BIOT,bioengineering,263.0,2011-2020,0,8,3,12,4,40,4,2,134,9,10,9,28
641,BIOT,biomedical technolog*,94.0,2011-2020,0,6,1,36,1,4,1,1,23,1,5,1,14
642,BIOT,chemical biology,32.0,2011-2020,0,1,1,5,0,3,2,0,6,0,6,3,5
643,BIOT,chromatographic separation*,37.0,2011-2020,0,1,0,3,1,8,0,0,14,4,1,1,4
644,BIOT,drug delivery,585.0,2011-2020,2,27,4,54,13,75,8,8,259,29,30,21,55
645,BIOT,biotherapeutic*,10.0,2011-2020,0,1,0,1,0,0,0,1,3,0,2,0,2
646,BIOT,precision medicine,827.0,2011-2020,1,28,44,95,7,64,10,15,237,5,108,78,135
647,BIOT,protein engineering,144.0,2011-2020,0,4,2,6,6,27,1,1,41,1,10,10,35
648,BIOT,bioprocess*,325.0,2011-2020,0,3,0,14,12,68,0,1,167,25,6,5,24
649,BIOT,systems biology,995.0,2011-2020,0,177,38,40,27,191,9,7,252,38,72,25,119
650,BIOT,synthetic biology,174.0,2011-2020,0,6,2,1,2,75,0,1,59,3,5,7,13
651,BIOT,biomanufacturing,18.0,2011-2020,0,1,1,2,1,3,0,0,5,1,1,2,1
652,BIOT,biophysic*,1813.0,2011-2020,3,86,14,190,80,96,15,21,736,27,215,108,222
653,BIOT,bio based product*,3.0,2011-2020,0,0,0,2,0,0,0,0,1,0,0,0,0
654,BIOT,biological chem*,49.0,2011-2020,0,2,0,7,4,4,0,0,13,3,8,2,6
655,BIOL,biological chemistry,4.0,2011-2020,0,0,0,0,0,1,0,0,3,0,0,0,0
656,BIOL,cytochrome*,505.0,2011-2020,4,13,4,65,4,126,11,14,94,5,48,15,102
657,BIOL,biomolecule*,470.0,2011-2020,0,19,13,58,8,68,5,7,127,13,63,14,75
658,BIOL,bioorthogonal chem*,1.0,2011-2020,0,0,0,1,0,0,0,0,0,0,0,0,0
659,BIOL,enzyme chem*,5.0,2011-2020,0,0,0,2,0,0,0,0,0,0,2,0,1
660,BIOL,RNA based therap*,2.0,2011-2020,0,0,0,0,0,0,0,0,0,0,0,0,2
661,BIOL,bioconjugate,4.0,2011-2020,0,1,0,1,0,0,0,0,1,0,0,0,1
662,BIOL,drug discovery,2184.0,2011-2020,8,33,44,226,12,195,46,75,582,25,289,127,522
663,BIOL,structural biology,73.0,2011-2020,1,3,1,4,2,16,0,2,21,1,7,5,10
664,BIOL,chemical signaling,9.0,2011-2020,0,1,0,1,0,1,0,0,4,0,1,0,1
665,BIOL,protein folding,516.0,2011-2020,1,8,9,37,1,96,5,4,135,26,39,9,146
666,BIOL,protein aggregation,107.0,2011-2020,0,0,1,4,0,19,2,2,45,0,6,4,24
667,BIOL,organofluorine,4.0,2011-2020,0,0,0,0,0,0,0,1,1,0,1,0,1
668,BIOL,genome engineering,20.0,2011-2020,0,0,0,1,0,6,0,0,5,0,3,3,2
669,BIOL,biosynthesis,561.0,2011-2020,2,27,5,42,6,141,2,7,153,5,70,13,88
670,BIOL,chem* biology,53.0,2011-2020,0,5,1,8,0,6,2,0,12,1,7,4,7
671,BMGT,chem* business*,2.0,2011-2020,0,0,0,0,0,1,0,0,0,1,0,0,0
672,BMGT,chem* compan*,17.0,2011-2020,0,1,1,2,0,3,0,0,8,0,0,1,1
673,BMGT,chem* enterprise*,11.0,2011-2020,0,1,0,0,0,1,0,0,6,1,0,0,2
674,BMGT,chem* research and development,0.0,2011-2020,0,0,0,0,0,0,0,0,0,0,0,0,0
675,CARB,carbohydrate*,515.0,2011-2020,0,9,10,52,9,72,2,12,136,9,83,34,87
676,CARB,oligosaccharide*,54.0,2011-2020,0,1,0,7,0,8,1,0,17,1,8,2,9
677,CARB,glycoconjugate*,6.0,2011-2020,0,0,0,0,0,1,0,0,1,0,1,0,3
678,CARB,glycobiology,11.0,2011-2020,0,0,1,0,0,2,0,0,2,0,0,1,5
679,CARB,glycan*,69.0,2011-2020,0,2,3,9,1,18,0,0,7,0,10,1,18
680,CARB,glycoscience*,2.0,2011-2020,0,0,0,0,0,2,0,0,0,0,0,0,0
681,CARB,protein o-glcnacylation,7.0,2011-2020,0,0,0,0,0,0,0,0,0,0,1,0,6
682,CARB,glycoprotein*,422.0,2011-2020,1,15,5,47,0,59,7,4,106,8,47,14,109
683,CARB,nucleic acid* based therap*,1.0,2011-2020,0,0,0,0,0,1,0,0,0,0,0,0,0
684,CARB,glycomimetics,0.0,2011-2020,0,0,0,0,0,0,0,0,0,0,0,0,0
685,CATL,cataly*,2284.0,2011-2020,1,54,15,87,52,600,12,13,953,101,76,70,250
686,CATL,electrocataly*,47.0,2011-2020,0,2,0,3,2,7,0,1,25,1,0,2,4
687,CATL,photocataly*,263.0,2011-2020,0,7,2,10,5,37,0,1,160,14,4,11,12
688,CATL,scaling relation*,43.0,2011-2020,0,5,2,0,7,4,0,0,17,0,2,4,2
689,CATL,surface science,14.0,2011-2020,0,0,0,1,0,1,0,1,6,1,1,2,1
690,CATL,surface kinetic*,5.0,2011-2020,0,1,0,2,0,0,0,0,0,0,2,0,0
691,CATL,surface mechanism*,0.0,2011-2020,0,0,0,0,0,0,0,0,0,0,0,0,0
692,CATL,surface reaction*,71.0,2011-2020,0,4,1,1,7,20,0,0,31,3,0,3,1
693,CATL,metal support*,5.0,2011-2020,0,0,0,0,0,1,0,0,3,0,0,0,1
694,CATL,amorphous material*,55.0,2011-2020,0,2,5,2,2,9,0,2,20,6,2,2,3
695,CATL,nanoporous material*,20.0,2011-2020,0,1,1,5,1,0,0,0,4,0,3,3,2
696,CATL,syngas conversion,3.0,2011-2020,0,0,0,0,0,1,0,0,2,0,0,0,0
697,CATL,metal oxides,858.0,2011-2020,4,14,2,31,15,99,6,8,469,53,19,12,126
698,CATL,disordered material*,16.0,2011-2020,0,1,4,0,0,4,0,1,5,0,0,0,1
699,CATL,methane conversion,23.0,2011-2020,0,0,0,0,1,15,0,0,4,3,0,0,0
700,CATL,mixed metal oxide*,6.0,2011-2020,0,0,0,0,0,1,0,0,4,1,0,0,0
701,CATL,vehicle emission control,2.0,2011-2020,0,0,0,0,1,0,0,0,1,0,0,0,0
702,CATL,surface chemistry,72.0,2011-2020,0,5,1,6,2,5,0,0,40,0,4,4,5
703,CATL,material* genome,46.0,2011-2020,0,3,1,2,1,12,0,0,16,0,3,4,4
704,CELL,cellulose,402.0,2011-2020,1,11,0,27,12,76,3,2,187,15,22,13,33
705,CELL,nanocellulose*,19.0,2011-2020,0,0,0,3,0,0,0,0,10,1,3,2,0
706,CELL,renewable material*,10.0,2011-2020,0,0,0,0,0,2,0,0,5,1,0,0,2
707,CELL,polysaccharide*,239.0,2011-2020,0,6,0,28,0,36,2,2,95,5,12,2,51
708,CELL,colloidal assembl*,1.0,2011-2020,0,0,0,0,0,0,0,0,0,0,0,1,0
709,CELL,lignin,183.0,2011-2020,0,9,0,11,4,36,2,2,76,11,11,5,16
710,CELL,lignocellulos*,120.0,2011-2020,0,4,0,6,1,25,1,0,65,7,6,1,4
711,CELL,hemp,35.0,2011-2020,0,2,0,0,2,3,0,0,23,0,0,0,5
712,CHED,chem* educat*,12.0,2011-2020,0,3,1,4,0,1,0,0,3,0,0,0,0
713,CHED,data literacy,2.0,2011-2020,0,1,0,0,0,0,0,0,1,0,0,0,0
714,CHED,chem* curricul*,2.0,2011-2020,0,0,0,0,0,1,0,0,0,0,0,0,1
715,CHED,chem* student*,1.0,2011-2020,0,0,0,1,0,0,0,0,0,0,0,0,0
716,CHED,chem* educat*,12.0,2011-2020,0,3,1,4,0,1,0,0,3,0,0,0,0
717,CHED,learn* in the laboratory,1.0,2011-2020,0,0,0,0,0,0,0,0,1,0,0,0,0
718,CHED,climate change literacy,1.0,2011-2020,0,0,0,1,0,0,0,0,0,0,0,0,0
719,CHED,lab* safety,10.0,2011-2020,0,3,0,2,0,0,0,0,3,0,2,0,0
720,CHED,chem* class*,109.0,2011-2020,0,1,0,17,0,10,2,2,30,3,15,8,21
721,CHED,chem* communication*,10.0,2011-2020,0,0,0,0,0,0,0,0,8,0,2,0,0
722,CHAS,chem* safety,32.0,2011-2020,0,11,0,5,1,2,0,1,4,0,3,1,4
723,CHAS,lab* safety,10.0,2011-2020,0,3,0,2,0,0,0,0,3,0,2,0,0
724,CHAS,chem* regulations,7.0,2011-2020,0,1,0,3,0,0,0,0,0,0,3,0,0
725,CHAS,environmental health and safety,6.0,2011-2020,0,0,0,1,0,3,0,0,2,0,0,0,0
726,CINF,chemical informatics,20.0,2011-2020,0,0,3,4,0,0,0,0,2,0,5,4,2
727,CINF,bio* modeling,271.0,2011-2020,1,16,3,19,16,37,2,3,100,7,30,16,21
728,CINF,computational chemistry,840.0,2011-2020,1,17,10,97,25,159,7,20,210,23,97,58,116
729,CINF,cheminformatic*,263.0,2011-2020,0,0,14,17,1,14,18,11,67,5,47,14,55
730,CINF,chemical info*,166.0,2011-2020,1,3,3,13,2,13,1,6,58,3,18,9,36
731,CINF,drug discovery,2184.0,2011-2020,8,33,44,226,12,195,46,75,582,25,289,127,522
732,CINF,chem* database*,373.0,2011-2020,1,9,11,28,1,30,15,18,86,4,58,25,87
733,CINF,chem* librar*,87.0,2011-2020,0,1,4,7,0,8,5,2,13,2,14,5,26
734,CINF,chem* vocabulary,1.0,2011-2020,0,0,0,0,0,0,0,0,1,0,0,0,0
735,CINF,materials informatic*,122.0,2011-2020,1,4,4,10,7,7,0,1,36,0,6,32,14
736,TOXI,toxi*,3829.0,2011-2020,7,217,51,545,160,386,72,71,1100,48,398,193,581
737,TOXI,antibody drug conjugate*,7.0,2011-2020,0,0,1,1,0,1,0,0,1,0,0,0,3
738,TOXI,chemical exposure*,29.0,2011-2020,0,2,2,4,1,2,1,1,5,2,4,4,1
739,CHAL,chem* patent*,2.0,2011-2020,0,0,1,0,0,0,0,0,0,0,0,0,1
740,CHAL,pharmaceutical patent*,7.0,2011-2020,0,0,1,1,0,1,0,0,2,0,0,0,2
741,CHAL,chem* in commerce,4.0,2011-2020,0,0,1,1,0,0,0,0,1,0,1,0,0
742,COLL,colloid*,184.0,2011-2020,1,10,3,11,7,23,2,2,76,14,6,11,18
743,COLL,surface chemistry,72.0,2011-2020,0,5,1,6,2,5,0,0,40,0,4,4,5
744,COLL,surface science,14.0,2011-2020,0,0,0,1,0,1,0,1,6,1,1,2,1
745,COLL,surfactant*,310.0,2011-2020,0,7,1,15,20,64,0,1,141,14,7,8,32
746,COLL,biomaterial*,247.0,2011-2020,0,13,0,15,1,26,1,2,145,6,7,10,21
747,COLL,biointerface*,7.0,2011-2020,0,0,0,0,0,0,0,0,7,0,0,0,0
748,COLL,nanomaterial*,397.0,2011-2020,0,19,3,41,10,50,3,3,175,16,22,13,42
749,COLL,coating material*,48.0,2011-2020,0,0,0,1,1,11,0,0,29,1,2,3,0
750,COLL,biomembrane*,12.0,2011-2020,0,0,0,0,1,0,0,0,7,0,0,0,4
751,COLL,nanoparticle*,1893.0,2011-2020,3,53,12,66,21,331,4,7,1001,134,57,40,164
752,COLL,polymer system*,10.0,2011-2020,0,1,0,0,0,4,0,0,4,1,0,0,0
753,COLL,adsorption,1552.0,2011-2020,3,33,5,67,66,266,1,3,794,102,48,36,128
754,COLL,surface reaction*,71.0,2011-2020,0,4,1,1,7,20,0,0,31,3,0,3,1
755,COLL,tribolog*,619.0,2011-2020,2,15,1,6,14,158,1,2,312,55,3,9,41
756,COLL,nanomedicine*,56.0,2011-2020,0,2,0,7,0,5,0,0,23,4,2,4,9
757,COLL,low dimensional material*,3.0,2011-2020,0,0,0,0,0,0,0,0,2,1,0,0,0
758,COLL,molecular electronic*,24.0,2011-2020,0,1,1,1,0,4,0,0,12,3,0,0,2
759,COLL,mechanochem*,12.0,2011-2020,0,0,1,0,0,2,0,0,8,0,0,0,1
760,COLL,tribochem*,4.0,2011-2020,0,0,0,2,0,0,0,0,0,0,2,0,0
761,COLL,emuls*,265.0,2011-2020,0,5,0,17,4,57,0,0,146,13,2,2,19
762,COLL,nanotheranostic*,1.0,2011-2020,0,0,0,0,0,0,0,0,1,0,0,0,0
763,COLL,coacerv*,2.0,2011-2020,0,0,0,0,0,0,0,0,1,1,0,0,0
764,COLL,nanostructure,196.0,2011-2020,0,8,1,9,5,57,2,0,79,9,6,6,14
765,COLL,monolayer*,249.0,2011-2020,1,2,1,8,4,41,0,1,109,61,7,4,10
766,COLL,bilayer*,157.0,2011-2020,0,10,2,2,5,29,0,3,62,19,5,2,18
767,COLL,thin film*,807.0,2011-2020,2,14,3,12,15,208,1,2,387,77,11,25,50
768,COMP,chem* comput*,33.0,2011-2020,0,1,0,0,0,6,1,1,16,1,3,1,3
769,COMP,drug design,1741.0,2011-2020,2,26,19,131,15,335,26,36,465,34,165,80,407
770,COMP,drug discovery,2184.0,2011-2020,8,33,44,226,12,195,46,75,582,25,289,127,522
771,COMP,computational chem*,850.0,2011-2020,1,18,10,97,25,161,7,20,213,24,97,59,118
772,COMP,molecular mechanics,227.0,2011-2020,1,7,1,12,2,55,2,2,78,3,18,13,33
773,COMP,multiscale modeling,94.0,2011-2020,0,8,2,0,17,9,1,0,40,0,0,8,9
774,COMP,computational quantum chem*,1.0,2011-2020,0,0,0,0,0,0,0,0,0,1,0,0,0
775,COMP,quantum comp*,777.0,2011-2020,0,25,16,17,8,219,3,12,317,106,4,10,40
776,COMP,quantum dynamic*,88.0,2011-2020,0,4,0,1,6,9,0,0,67,1,0,0,0
777,COMP,multiscale computational modeling,0.0,2011-2020,0,0,0,0,0,0,0,0,0,0,0,0,0
778,COMP,computational model* of chem*,1.0,2011-2020,0,0,0,0,0,0,0,0,1,0,0,0,0
779,COMP,chem* database*,373.0,2011-2020,1,9,11,28,1,30,15,18,86,4,58,25,87
780,COMP,material* database*,69.0,2011-2020,0,2,3,4,0,7,0,1,34,1,4,7,6
781,COMP,protein database*,1208.0,2011-2020,3,17,22,91,4,99,22,35,231,12,171,26,475
782,COMP,rna design*,15.0,2011-2020,0,0,0,1,0,7,0,0,5,0,1,1,0
783,COMP,density functional theory,1211.0,2011-2020,4,47,10,35,53,335,2,10,360,132,34,100,89
784,COMP,computational cataly*,1.0,2011-2020,0,0,0,0,0,0,0,0,1,0,0,0,0
785,COMP,molecular model*,1422.0,2011-2020,1,24,12,70,12,363,16,21,369,29,135,77,293
786,COMP,chem* librar*,87.0,2011-2020,0,1,4,7,0,8,5,2,13,2,14,5,26
787,COMP,chem* screen*,8.0,2011-2020,0,0,0,1,0,1,0,0,1,0,1,1,3
788,COMP,molecular recognition,238.0,2011-2020,0,0,4,8,1,35,2,3,94,2,13,5,71
789,COMP,computer-aided peptide design,1.0,2011-2020,0,0,0,0,0,0,0,0,1,0,0,0,0
790,ENFL,energy and fuel*,17.0,2011-2020,0,0,0,1,0,4,0,0,7,3,1,0,1
791,ENFL,energy application*,176.0,2011-2020,1,6,1,8,6,40,1,1,66,10,8,9,19
792,ENFL,fuel*,10742.0,2011-2020,12,296,50,328,618,3055,22,30,3363,1790,231,194,753
793,ENFL,hydrocracking,36.0,2011-2020,0,0,0,0,4,11,0,0,16,2,0,0,3
794,ENFL,hydrotreating,15.0,2011-2020,0,1,0,0,0,6,0,0,7,0,0,0,1
795,ENFL,waste feedstock*,3.0,2011-2020,0,0,0,0,0,2,0,0,1,0,0,0,0
796,ENFL,energy technolog*,197.0,2011-2020,0,9,0,7,2,50,1,1,71,33,3,3,17
797,ENFL,*material* for energy,10.0,2011-2020,0,0,0,0,1,2,0,0,6,0,0,1,0
798,ENFL,gas separation*,47.0,2011-2020,2,1,1,3,2,14,0,0,15,1,2,1,5
799,ENFL,gas storage,68.0,2011-2020,0,8,0,6,4,17,0,0,21,4,2,2,4
800,ENFL,gas utilization,16.0,2011-2020,1,1,0,0,0,2,0,1,3,5,0,1,2
801,ENFL,hybrid solar cell*,3.0,2011-2020,0,0,0,0,0,0,0,0,0,2,0,0,1
802,ENFL,fuel* design,10.0,2011-2020,0,1,0,0,0,2,0,0,4,1,0,0,2
803,ENFL,aviation fuel*,15.0,2011-2020,0,0,0,1,1,6,0,0,2,0,1,2,2
804,ENFL,hydraulic frac*,449.0,2011-2020,0,17,9,31,17,83,2,2,181,20,19,24,44
805,ENFL,batter*,6836.0,2011-2020,6,134,44,239,150,1912,39,27,1996,1584,133,124,448
806,ENFL,bioenergy,181.0,2011-2020,0,7,2,18,6,31,0,0,65,9,15,8,20
807,ENFL,petroleum,6516.0,2011-2020,10,325,99,432,279,1002,46,42,2656,501,223,230,671
808,ENFL,methane,919.0,2011-2020,3,26,2,50,48,173,3,1,407,59,35,28,84
809,ENFL,natural gas*,1594.0,2011-2020,3,94,3,73,31,428,2,3,542,164,33,31,187
810,ENFL,lithium ion,1246.0,2011-2020,3,32,6,33,87,239,1,2,457,176,23,34,153
811,ENFL,resource recovery,16.0,2011-2020,0,0,0,4,0,1,0,0,7,1,2,1,0
812,ENFL,energy conversion*,1336.0,2011-2020,1,13,5,30,26,374,1,0,545,250,20,15,56
813,ENFL,hybrid energy,539.0,2011-2020,1,2,2,12,2,174,0,1,121,207,3,4,10
814,ENFL,porous material*,424.0,2011-2020,0,40,3,21,32,90,0,0,153,27,16,14,28
815,ENFL,environment* sustain*,243.0,2011-2020,1,15,2,24,6,72,0,0,67,16,10,9,21
816,ENFL,photocataly*,263.0,2011-2020,0,7,2,10,5,37,0,1,160,14,4,11,12
817,ENFL,biofuel*,492.0,2011-2020,2,17,3,22,14,102,4,5,225,22,12,15,49
818,ENFL,bio based product*,3.0,2011-2020,0,0,0,2,0,0,0,0,1,0,0,0,0
819,ENFL,energy material*,34.0,2011-2020,0,2,0,2,0,2,0,1,18,2,0,0,7
820,ENFL,carbon dioxide conversion,2.0,2011-2020,0,0,0,0,0,1,0,0,1,0,0,0,0
821,ENFL,carbon dioxide utilization,1.0,2011-2020,0,0,0,0,0,1,0,0,0,0,0,0,0
822,ENFL,renewable energy,5495.0,2011-2020,8,73,34,183,69,1387,7,14,1772,1390,99,127,332
823,ENFL,energy storage,3059.0,2011-2020,2,35,12,61,37,1013,2,4,741,1003,25,23,101
824,ENFL,electrochemical,1234.0,2011-2020,2,26,6,37,31,216,3,4,631,85,26,42,125
825,ENFL,solar energy,2964.0,2011-2020,6,37,18,102,71,620,8,11,1212,441,78,118,242
826,ENFL,artificial photosynthesis,5.0,2011-2020,0,0,0,0,0,1,0,0,3,0,0,0,1
827,ENFL,resource production,16.0,2011-2020,0,0,0,2,1,5,0,1,1,1,3,1,1
828,ENFL,oil industry,266.0,2011-2020,0,36,1,21,8,27,1,3,101,20,5,7,36
829,ENFL,gas industry,773.0,2011-2020,2,62,7,58,27,118,3,6,325,41,25,28,71
830,ENFL,oil and gas industry,331.0,2011-2020,1,29,2,23,13,44,0,2,146,12,10,15,34
831,ENFL,fuel cell*,1747.0,2011-2020,1,12,3,29,22,544,2,2,589,384,18,19,122
832,ENFL,hybrid vehicle*,930.0,2011-2020,1,5,7,16,14,353,3,2,270,199,9,5,46
833,ENFL,cataly*,2284.0,2011-2020,1,54,15,87,52,600,12,13,953,101,76,70,250
834,ENFL,solar cell,1039.0,2011-2020,0,11,10,32,17,267,2,2,357,219,27,33,62
835,ENFL,water splitting,27.0,2011-2020,0,1,1,1,1,6,0,0,10,2,1,4,0
836,ENFL,hydrogen generation,13.0,2011-2020,0,1,0,0,0,4,0,0,6,2,0,0,0
837,ENFL,gas hydrate*,158.0,2011-2020,0,6,2,0,2,37,0,0,64,13,0,1,33
838,ENFL,shale gas,220.0,2011-2020,0,6,5,10,17,38,0,0,94,10,8,6,26
839,ENFL,energy efficiency,7877.0,2011-2020,12,158,111,250,103,2018,43,46,3369,1075,133,173,386
840,ENFL,bio based chemical*,2.0,2011-2020,0,0,0,0,0,0,0,0,2,0,0,0,0
841,ENFL,hydrogen energy,351.0,2011-2020,1,7,2,11,4,101,1,2,138,50,6,8,20
842,ENFL,carbon management,12.0,2011-2020,0,0,0,1,5,1,0,0,3,0,1,1,0
843,ENFL,geothermal energy,201.0,2011-2020,1,8,2,4,21,69,1,1,63,20,1,4,6
844,ENVR,environmental chem*,102.0,2011-2020,0,3,1,13,2,10,4,4,19,0,18,8,20
845,ENVR,atmospher* chem*,153.0,2011-2020,0,19,0,12,22,15,0,0,55,4,14,7,5
846,ENVR,biomimetic membrane*,3.0,2011-2020,0,0,0,0,0,1,0,0,2,0,0,0,0
847,ENVR,cataly*,2284.0,2011-2020,1,54,15,87,52,600,12,13,953,101,76,70,250
848,ENVR,water treatment,1178.0,2011-2020,5,53,6,61,40,177,5,3,618,64,31,31,84
849,ENVR,water purification,224.0,2011-2020,0,10,0,12,4,46,1,0,116,15,6,2,12
850,ENVR,plastic* recycling,34.0,2011-2020,0,0,0,3,0,5,0,0,18,2,1,0,5
851,ENVR,emerging contaminant*,26.0,2011-2020,0,0,2,1,2,2,0,0,13,0,0,2,4
852,ENVR,disinfection byproduct*,12.0,2011-2020,0,1,0,0,1,3,0,0,7,0,0,0,0
853,ENVR,environmental health,176.0,2011-2020,0,11,3,26,26,17,2,2,39,0,29,13,8
854,ENVR,two dimensional nanomaterial*,1.0,2011-2020,0,0,0,0,0,0,0,0,1,0,0,0,0
855,ENVR,environmental implication*,36.0,2011-2020,0,2,0,3,2,6,1,1,11,0,4,1,5
856,ENVR,water quality,3580.0,2011-2020,6,242,22,263,341,474,15,17,1327,158,196,134,385
857,ENVR,water distribution,1299.0,2011-2020,2,82,16,49,33,581,1,1,271,130,23,22,88
858,ENVR,water infrastructure,51.0,2011-2020,0,5,1,6,2,10,0,0,15,1,3,3,5
859,ENVR,water pollution,1124.0,2011-2020,3,113,7,84,106,189,3,8,372,47,47,38,107
860,ENVR,agricultural waste*,126.0,2011-2020,0,5,0,11,9,10,0,2,63,5,6,4,11
861,ENVR,environmental monitor*,2977.0,2011-2020,13,181,28,349,536,183,6,16,838,61,356,125,285
862,ENVR,environmental remediation*,27.0,2011-2020,1,2,0,4,2,4,0,0,10,1,2,0,1
863,ENVR,nanomaterial* in the environment,3.0,2011-2020,0,3,0,0,0,0,0,0,0,0,0,0,0
864,ENVR,environmental science,412.0,2011-2020,0,26,7,32,97,29,3,2,107,18,31,14,46
865,ENVR,biogeochemical transformation,2.0,2011-2020,0,0,0,0,0,0,0,0,1,0,1,0,0
866,ENVR,water contaminant*,22.0,2011-2020,0,2,0,5,0,0,0,1,8,1,0,1,4
867,ENVR,environment* research,192.0,2011-2020,0,9,0,17,19,14,3,0,69,10,7,9,35
868,ENVR,green chem*,50.0,2011-2020,0,1,0,5,0,7,0,0,26,3,3,1,4
869,ENVR,environmental bioprocess*,1.0,2011-2020,0,0,0,0,0,0,0,0,1,0,0,0,0
870,ENVR,micro plastic*,5.0,2011-2020,0,0,0,1,0,0,0,0,2,0,0,0,2
871,ENVR,stormwater,188.0,2011-2020,0,25,1,10,8,70,0,0,42,17,6,5,4
872,ENVR,environmental sustainability,189.0,2011-2020,1,13,2,20,4,54,0,0,48,15,8,8,16
873,ENVR,water channel*,20.0,2011-2020,0,2,0,0,3,4,1,0,6,1,0,0,3
874,ENVR,water purification,224.0,2011-2020,0,10,0,12,4,46,1,0,116,15,6,2,12
875,ENVR,water desalination,47.0,2011-2020,0,0,0,2,2,17,0,1,10,9,1,2,3
876,ENVR,biochar,115.0,2011-2020,0,1,0,11,2,10,1,0,55,5,11,7,12
877,ENVR,hydrochar,18.0,2011-2020,0,0,0,4,1,0,0,0,5,0,4,2,2
878,ENVR,water sustainability,17.0,2011-2020,0,0,0,1,0,3,0,0,8,1,2,2,0
879,ENVR,water analysis,245.0,2011-2020,2,17,4,16,39,19,2,4,83,4,11,5,39
880,ENVR,wastewater,1926.0,2011-2020,4,74,9,86,78,300,3,2,1043,100,42,34,151
881,ENVR,dissolved organic matter,116.0,2011-2020,0,2,1,8,6,3,0,2,54,5,12,10,13
882,ENVR,*sensor*,49045.0,2011-2020,78,2499,677,3260,1436,4696,638,552,21415,3161,2256,1285,7092
883,ENVR,green infrastructure,49.0,2011-2020,0,1,0,7,2,8,2,0,14,2,8,1,4
884,ENVR,soil*,13027.0,2011-2020,41,516,70,1349,2533,1078,66,57,3580,356,1434,542,1405
885,ENVR,nanotechnology,1391.0,2011-2020,0,36,13,56,14,212,17,11,812,57,24,28,111
886,ENVR,photooxidation,14.0,2011-2020,0,0,0,0,0,4,0,0,9,0,0,0,1
887,ENVR,water source*,339.0,2011-2020,1,33,7,27,28,60,1,4,101,27,15,9,26
888,ENVR,fertilizer*,980.0,2011-2020,5,42,4,93,179,112,7,7,286,31,89,29,96
889,ENVR,drinking water,815.0,2011-2020,4,73,4,70,127,114,4,5,236,31,45,37,65
890,ENVR,organic contaminant*,47.0,2011-2020,0,1,1,7,2,5,0,0,16,5,3,1,6
891,ENVR,microplastic pollution,2.0,2011-2020,0,1,0,0,0,0,0,0,1,0,0,0,0
892,ENVR,nanobubble*,4.0,2011-2020,0,0,0,1,0,0,0,0,2,0,1,0,0
893,ENVR,separation of salt*,2.0,2011-2020,0,0,0,2,0,0,0,0,0,0,0,0,0
894,ENVR,radionuclide*,201.0,2011-2020,0,20,0,15,48,10,0,2,81,5,8,4,8
895,ENVR,trace organic contaminant*,2.0,2011-2020,0,0,0,0,0,0,0,0,1,0,1,0,0
896,ENVR,soil plant system*,4.0,2011-2020,0,0,0,1,3,0,0,0,0,0,0,0,0
897,ENVR,nanotoxicology,46.0,2011-2020,0,4,0,12,2,3,1,1,9,0,7,3,4
898,ENVR,clay mineral*,65.0,2011-2020,0,2,0,9,10,4,1,0,24,2,4,1,8
899,ENVR,pesticides in surface water,0.0,2011-2020,0,0,0,0,0,0,0,0,0,0,0,0,0
900,FLUO,fluorine*,244.0,2011-2020,0,6,4,23,12,27,8,4,88,10,18,9,35
901,FLUO,radiopharmaceutical chem*,1.0,2011-2020,0,1,0,0,0,0,0,0,0,0,0,0,0
902,GEOC,*geochem*,1337.0,2011-2020,3,60,22,153,295,81,9,9,321,18,166,68,132
903,GEOC,iron oxide*,232.0,2011-2020,1,6,0,20,21,35,1,2,88,16,16,3,23
904,GEOC,inorganic solid*,14.0,2011-2020,0,0,0,0,1,4,0,1,2,0,0,3,3
905,GEOC,oil and gas development,12.0,2011-2020,0,1,0,2,0,2,0,0,6,0,1,0,0
906,GEOC,manganese oxide*,65.0,2011-2020,0,1,0,6,4,6,1,2,26,1,5,5,8
907,GEOC,contaminated soil,120.0,2011-2020,0,1,0,16,27,9,0,0,34,3,16,5,9
908,GEOC,groundwater,3065.0,2011-2020,4,195,10,208,694,417,7,11,828,163,179,89,260
909,GEOC,geogenic,42.0,2011-2020,0,3,0,3,27,0,0,0,6,0,1,1,1
910,GEOC,anthropogenic,1326.0,2011-2020,0,111,7,185,228,49,2,6,291,11,278,42,116
911,GEOC,clathrate hydrate,39.0,2011-2020,0,0,0,0,0,10,0,0,10,1,0,1,17
912,GEOC,geological process*,40.0,2011-2020,0,6,0,2,9,3,0,0,16,1,1,0,2
913,GEOC,mineral dissolution,6.0,2011-2020,0,1,0,0,2,0,0,0,3,0,0,0,0
914,GEOC,contaminated site remediation,4.0,2011-2020,0,0,0,1,1,1,0,0,1,0,0,0,0
915,GEOC,biomineralization,250.0,2011-2020,1,6,4,28,1,12,2,5,110,3,22,5,51
916,GEOC,hydraulic frac*,449.0,2011-2020,0,17,9,31,17,83,2,2,181,20,19,24,44
917,GEOC,soil ecosystem*,30.0,2011-2020,0,1,0,2,4,1,0,0,9,0,6,3,4
918,GEOC,unconventional oil and gas development,4.0,2011-2020,0,0,0,1,0,0,0,0,3,0,0,0,0
919,GEOC,cementitious material*,88.0,2011-2020,1,0,0,7,0,10,0,0,42,3,8,3,14
920,HIST,chem* histor*,5.0,2011-2020,0,1,0,0,0,0,0,0,0,4,0,0,0
921,HIST,history of chem*,1.0,2011-2020,0,0,0,1,0,0,0,0,0,0,0,0,0
922,HIST,evolution of chem*,2.0,2011-2020,0,0,0,0,0,1,0,0,1,0,0,0,0
923,I&EC,industrial and engineering chemistry,65.0,2011-2020,0,0,0,1,0,19,0,0,40,2,1,0,2
924,I&EC,industrial chem*,118.0,2011-2020,0,11,1,23,4,15,1,5,30,3,8,2,15
925,I&EC,molten salt*,50.0,2011-2020,0,2,0,0,1,16,0,0,23,6,0,0,2
926,I&EC,recycling material*,3.0,2011-2020,0,0,0,0,0,1,0,0,1,0,0,0,1
927,I&EC,material* recovery,5.0,2011-2020,0,0,0,0,0,2,0,0,3,0,0,0,0
928,I&EC,water desalination,47.0,2011-2020,0,0,0,2,2,17,0,1,10,9,1,2,3
929,I&EC,rare earth element*,62.0,2011-2020,1,0,0,8,9,7,0,0,21,2,4,5,5
930,I&EC,chem* industrial application*,1.0,2011-2020,0,0,0,0,0,1,0,0,0,0,0,0,0
931,I&EC,separation science*,0.0,2011-2020,0,0,0,0,0,0,0,0,0,0,0,0,0
932,I&EC,water purification,224.0,2011-2020,0,10,0,12,4,46,1,0,116,15,6,2,12
933,I&EC,industrial and engineering chemistry,65.0,2011-2020,0,0,0,1,0,19,0,0,40,2,1,0,2
934,INOR,*inorganic chem*,24.0,2011-2020,0,1,1,3,1,4,0,0,7,1,1,3,2
935,INOR,organometallic*,133.0,2011-2020,1,7,4,18,4,19,1,0,42,3,8,15,11
936,INOR,phosphorus chem*,2.0,2011-2020,0,0,0,0,0,0,0,0,2,0,0,0,0
937,INOR,metallodrug*,2.0,2011-2020,0,0,0,0,0,1,0,0,0,0,0,0,1
938,INOR,*inorganic cataly*,1.0,2011-2020,0,0,0,0,0,0,0,0,0,0,0,0,1
939,INOR,chemistry of material*,2.0,2011-2020,0,0,0,0,0,0,0,0,2,0,0,0,0
940,INOR,metal organic framework*,119.0,2011-2020,3,1,2,20,2,17,0,0,42,1,11,9,11
941,INOR,nanomaterial*,397.0,2011-2020,0,19,3,41,10,50,3,3,175,16,22,13,42
942,INOR,coordination chem*,1.0,2011-2020,0,0,0,0,0,1,0,0,0,0,0,0,0
943,INOR,electrochem*,1355.0,2011-2020,3,29,6,39,34,244,3,4,694,86,29,46,138
944,INOR,lanthanide*,43.0,2011-2020,0,0,0,6,4,6,1,1,9,1,4,7,4
945,INOR,actinide*,20.0,2011-2020,0,1,0,1,0,10,0,0,5,1,1,1,0
946,INOR,electrocataly*,47.0,2011-2020,0,2,0,3,2,7,0,1,25,1,0,2,4
947,INOR,nanoscience*,29.0,2011-2020,0,1,2,0,1,3,2,1,17,2,0,0,0
948,INOR,metal nanostructure*,11.0,2011-2020,0,0,0,0,0,4,0,0,5,1,0,1,0
949,INOR,solid state phenomen*,1.0,2011-2020,0,0,0,0,0,0,0,0,1,0,0,0,0
950,MEDI,medic* chem*,346.0,2011-2020,2,8,9,25,4,46,9,6,118,4,38,20,57
951,MEDI,drug discovery,2184.0,2011-2020,8,33,44,226,12,195,46,75,582,25,289,127,522
952,MEDI,immunomodulator*,47.0,2011-2020,0,12,1,5,0,2,0,0,12,0,7,1,7
953,MEDI,lipophil*,289.0,2011-2020,1,4,0,25,4,63,4,7,81,1,34,17,48
954,MEDI,protein degradation,159.0,2011-2020,0,2,1,10,2,30,0,0,46,1,15,5,47
955,MEDI,sulfonamide*,103.0,2011-2020,0,7,0,12,2,27,1,0,29,2,8,3,12
956,MEDI,glioblastoma*,678.0,2011-2020,0,22,22,76,2,64,14,14,181,5,95,34,149
957,MEDI,pancreatic cancer,240.0,2011-2020,0,14,0,27,1,23,10,7,69,3,23,7,56
958,MEDI,drug design,1741.0,2011-2020,2,26,19,131,15,335,26,36,465,34,165,80,407
959,MEDI,protein interaction*,2635.0,2011-2020,4,112,69,167,8,389,56,31,573,32,323,91,780
960,MEDI,neurodegeneration,253.0,2011-2020,1,6,3,8,3,9,4,2,134,1,24,10,48
961,MEDI,targeting rna,2.0,2011-2020,0,0,0,0,0,1,0,0,0,0,0,0,1
962,MEDI,brain penetration,7.0,2011-2020,0,0,0,0,0,0,0,1,2,0,1,1,2
963,MEDI,neuro-oncology,46.0,2011-2020,0,2,0,8,0,1,0,0,15,0,6,3,11
964,MEDI,opioid epidemic,10.0,2011-2020,0,1,0,1,0,0,0,0,1,0,3,2,2
965,MEDI,gasotransmitter*,1.0,2011-2020,0,0,0,0,0,0,0,0,1,0,0,0,0
966,MEDI,pi3k inhibitor*,5.0,2011-2020,0,1,0,1,0,0,0,0,1,0,1,0,1
967,MEDI,atropisomer*,2.0,2011-2020,0,1,0,0,0,0,0,0,1,0,0,0,0
968,MEDI,cyp450 enzyme*,9.0,2011-2020,0,0,0,2,0,2,0,0,1,0,1,0,3
969,MEDI,muscarinic receptor*,46.0,2011-2020,0,6,1,6,0,3,0,0,22,0,3,1,4
970,MEDI,hiv 1 infection,27.0,2011-2020,1,3,0,2,0,8,0,1,5,1,2,2,2
971,MEDI,neuropathic pain,97.0,2011-2020,0,4,1,12,0,6,1,0,49,0,5,1,18
972,MEDI,antibiotic*,1054.0,2011-2020,1,57,12,254,10,133,10,15,212,8,116,52,174
973,MEDI,kinase inhibitor*,439.0,2011-2020,3,23,4,55,3,98,6,8,75,0,52,22,90
974,MEDI,macrocycle*,6.0,2011-2020,0,2,0,1,0,0,0,0,2,0,0,0,1
975,MEDI,cyclopeptide*,16.0,2011-2020,0,1,0,2,0,3,0,1,5,0,1,1,2
976,MEDI,misfolded protein*,10.0,2011-2020,0,1,0,0,1,2,0,0,5,0,0,0,1
977,NUCL,nuclear tech*,14.0,2011-2020,0,0,0,1,0,1,0,0,7,1,1,0,3
978,NUCL,nuclear chem*,8.0,2011-2020,0,2,0,0,1,1,0,0,2,0,0,2,0
979,NUCL,actinide*,20.0,2011-2020,0,1,0,1,0,10,0,0,5,1,1,1,0
980,NUCL,radiochem*,27.0,2011-2020,0,3,0,4,1,1,0,0,10,1,2,2,3
981,NUCL,nuclear waste,32.0,2011-2020,0,6,0,4,1,2,0,1,10,2,4,0,2
982,NUCL,nuclear forensic*,16.0,2011-2020,1,2,0,1,0,0,0,0,8,0,0,0,4
983,NUCL,radioisotope*,207.0,2011-2020,0,18,3,19,37,10,1,3,74,4,11,4,23
984,NUCL,nuclear fuel*,606.0,2011-2020,2,104,4,29,35,96,3,3,195,43,13,11,68
985,NUCL,lanthanide*,43.0,2011-2020,0,0,0,6,4,6,1,1,9,1,4,7,4
986,NUCL,radiotherapeutic*,5.0,2011-2020,0,0,0,1,0,0,0,0,0,0,2,1,1
987,NUCL,nuclear reaction*,35.0,2011-2020,0,23,0,0,1,1,0,0,9,1,0,0,0
988,NUCL,molten salt reactor*,6.0,2011-2020,0,1,0,0,0,1,0,0,2,2,0,0,0
989,NUCL,concentrated electrolyte*,2.0,2011-2020,0,0,0,0,0,0,0,0,1,0,0,1,0
990,NUCL,nuclear medicine*,177.0,2011-2020,0,13,2,13,0,8,1,0,101,0,13,7,19
991,NUCL,isotope*,506.0,2011-2020,0,96,3,58,56,46,3,3,120,11,48,12,50
992,NUCL,accelerator facilit*,12.0,2011-2020,0,3,0,1,0,5,0,0,1,1,0,0,1
993,NUCL,curium,10.0,2011-2020,0,0,1,0,1,2,0,0,2,2,0,0,2
994,NUCL,nuclear fission,154.0,2011-2020,1,21,1,10,2,18,1,0,77,15,2,1,5
995,ORGN,organic chem*,284.0,2011-2020,1,6,2,28,11,48,3,4,91,4,20,14,52
996,ORGN,organic synthes*,28.0,2011-2020,0,1,1,1,1,2,1,1,9,0,5,3,3
997,ORGN,asymmetric reaction*,11.0,2011-2020,0,0,0,2,0,2,0,0,2,0,3,1,1
998,ORGN,asymmetric synthes*,4.0,2011-2020,0,0,0,0,0,1,0,0,2,0,0,0,1
999,ORGN,biocataly*,87.0,2011-2020,1,0,0,6,1,21,0,0,30,0,5,7,16
1000,ORGN,carbon allotrope*,17.0,2011-2020,0,0,0,1,0,1,0,0,0,14,0,0,1
1001,ORGN,cross coupling reaction*,29.0,2011-2020,0,2,2,0,2,0,0,0,19,0,1,1,2
1002,ORGN,heterocycle*,29.0,2011-2020,0,2,1,2,1,8,0,0,8,0,4,1,2
1003,ORGN,aromatic*,925.0,2011-2020,0,19,4,66,47,200,3,4,316,36,75,22,133
1004,ORGN,organic electrochem*,8.0,2011-2020,0,0,0,0,0,0,0,0,8,0,0,0,0
1005,ORGN,molecular recognition,238.0,2011-2020,0,0,4,8,1,35,2,3,94,2,13,5,71
1006,ORGN,molecular self assembly,9.0,2011-2020,0,0,0,0,1,1,0,0,5,0,0,0,2
1007,ORGN,organometallic*,133.0,2011-2020,1,7,4,18,4,19,1,0,42,3,8,15,11
1008,ORGN,peptide*,2342.0,2011-2020,2,90,37,226,20,281,18,36,648,11,258,72,643
1009,ORGN,protein*,18794.0,2011-2020,37,644,381,1672,135,2895,272,260,5017,299,2070,668,4444
1010,ORGN,amino acid*,5388.0,2011-2020,13,82,78,413,37,723,82,89,1209,89,684,131,1758
1011,ORGN,photoredox,1.0,2011-2020,0,0,0,0,0,0,0,0,1,0,0,0,0
1012,ORGN,complex molecule*,26.0,2011-2020,0,2,1,2,4,5,0,0,3,0,2,4,3
1013,ORGN,enzyme engineering,18.0,2011-2020,0,0,1,2,0,2,1,0,6,0,1,0,5
1014,ORGN,synthetic chem*,28.0,2011-2020,0,0,0,3,0,4,2,0,11,1,3,0,4
1015,ORGN,organic molecule*,179.0,2011-2020,0,1,3,11,6,20,1,0,60,4,20,29,24
1016,ORGN,polymer chem*,4.0,2011-2020,0,0,0,0,0,1,0,0,2,0,0,1,0
1017,ORGN,carbon nanotube* chem*,0.0,2011-2020,0,0,0,0,0,0,0,0,0,0,0,0,0
1018,ORGN,graphene chem*,9.0,2011-2020,0,0,0,1,0,3,0,0,2,0,1,0,2
1019,ORGN,organic electronic*,23.0,2011-2020,0,0,0,2,1,1,0,0,16,0,2,1,0
1020,ORGN,amide bond*,7.0,2011-2020,0,1,0,0,0,2,0,0,0,1,1,0,2
1021,ORGN,chemical biology,32.0,2011-2020,0,1,1,5,0,3,2,0,6,0,6,3,5
1022,PHYS,physical chem*,1692.0,2011-2020,6,40,21,154,50,168,19,36,437,34,223,73,431
1023,PHYS,nonlinear optic*,302.0,2011-2020,4,3,6,3,2,60,0,3,174,13,3,4,27
1024,PHYS,electrochem*,1355.0,2011-2020,3,29,6,39,34,244,3,4,694,86,29,46,138
1025,PHYS,biomolecular structure*,13.0,2011-2020,0,2,1,0,0,1,0,1,3,0,0,1,4
1026,PHYS,biomolecular dynamic*,2.0,2011-2020,0,1,0,0,0,0,0,0,1,0,0,0,0
1027,PHYS,biophysic*,1813.0,2011-2020,3,86,14,190,80,96,15,21,736,27,215,108,222
1028,PHYS,ion*,7216.0,2011-2020,17,196,64,389,353,1106,37,41,3066,477,339,217,914
1029,PHYS,2d material*,83.0,2011-2020,0,3,1,2,0,5,0,1,34,28,2,4,3
1030,PHYS,two dimensional material*,40.0,2011-2020,0,2,1,0,0,7,0,1,23,6,0,0,0
1031,PHYS,amyloid,571.0,2011-2020,0,11,11,48,8,37,8,3,233,0,66,22,124
1032,PHYS,graph theory,2916.0,2011-2020,1,219,141,164,21,685,21,24,1031,195,75,56,283
1033,PHYS,molecular electronic*,24.0,2011-2020,0,1,1,1,0,4,0,0,12,3,0,0,2
1034,PHYS,optical imaging,405.0,2011-2020,3,14,4,21,7,19,2,5,222,6,17,10,75
1035,PHYS,electro*,68483.0,2011-2020,158,2345,687,3454,5677,7989,963,684,27373,4456,2217,1987,10493
1036,PHYS,materials for energy,10.0,2011-2020,0,0,0,0,1,2,0,0,6,0,0,1,0
1037,PHYS,molecular assembl*,12.0,2011-2020,0,0,0,0,1,5,0,1,4,0,0,0,1
1038,PHYS,biomaterial*,247.0,2011-2020,0,13,0,15,1,26,1,2,145,6,7,10,21
1039,PHYS,biomolecular structure*,13.0,2011-2020,0,2,1,0,0,1,0,1,3,0,0,1,4
1040,PHYS,microscopy,4341.0,2011-2020,6,111,78,226,56,365,31,35,2446,95,230,67,595
1041,PHYS,spectroscopy,13502.0,2011-2020,30,328,131,897,274,1424,77,123,4267,412,921,356,4262
1042,PHYS,redox flow batter*,55.0,2011-2020,0,0,0,0,2,23,0,0,13,16,0,1,0
1043,PHYS,computational molecular science,2.0,2011-2020,0,0,1,0,0,0,0,0,0,0,0,1,0
1044,PHYS,exciton*,70.0,2011-2020,0,9,0,4,1,13,0,0,19,7,3,4,10
1045,PHYS,astrochem*,4.0,2011-2020,0,1,1,0,0,0,0,0,2,0,0,0,0
1046,PHYS,density functional theory,1211.0,2011-2020,4,47,10,35,53,335,2,10,360,132,34,100,89
1047,PHYS,chiral*,185.0,2011-2020,0,7,1,17,5,46,0,2,60,9,14,7,17
1048,PHYS,nano*,7804.0,2011-2020,10,194,55,251,161,1471,33,37,4149,545,174,158,566
1049,PHYS,enzyme specificity,167.0,2011-2020,0,2,3,14,1,30,1,4,30,1,9,8,64
1050,PHYS,enzyme promiscuity,2.0,2011-2020,0,0,0,0,0,0,0,0,0,0,0,0,2
1051,PHYS,liquid theory,1.0,2011-2020,0,0,0,0,0,1,0,0,0,0,0,0,0
1052,PHYS,membrane protein*,531.0,2011-2020,1,8,2,43,4,82,10,9,162,2,47,13,148
1053,PHYS,molecular fluid*,1.0,2011-2020,0,0,0,0,0,0,0,0,1,0,0,0,0
1054,PHYS,photoactivit*,1.0,2011-2020,0,0,0,0,0,0,0,0,1,0,0,0,0
1055,PHYS,atom*,4507.0,2011-2020,11,199,64,213,199,868,22,45,1554,335,208,199,590
1056,PHYS,quantum*,6674.0,2011-2020,8,205,78,129,167,1538,11,28,2043,1805,108,150,404
1057,POLY,polymer*,4774.0,2011-2020,5,172,38,266,112,1129,27,33,1872,232,247,119,522
1058,POLY,polyolefin*,9.0,2011-2020,0,0,0,0,0,1,0,0,7,1,0,0,0
1059,POLY,biomacromolecule*,8.0,2011-2020,0,3,0,0,0,1,0,0,3,0,1,0,0
1060,POLY,macromolecule*,237.0,2011-2020,0,12,8,12,3,46,1,3,86,6,15,9,36
1061,POLY,plastic*,6516.0,2011-2020,15,125,25,148,132,838,7,12,4489,237,85,73,330
1062,POLY,polymeriz*,544.0,2011-2020,2,15,1,16,22,88,0,1,263,54,5,5,72
1063,POLY,polymeric,342.0,2011-2020,0,12,3,13,10,65,2,2,171,26,4,8,26
1064,POLY,block copolymer*,23.0,2011-2020,0,0,1,2,2,6,0,0,7,1,1,1,2
1065,POLY,poly 2 oxazoline*,3.0,2011-2020,0,0,0,1,0,0,0,0,0,1,0,1,0
1066,POLY,biomimicry,21.0,2011-2020,0,1,0,1,1,6,0,0,6,5,0,0,1
1067,POLY,lignin,183.0,2011-2020,0,9,0,11,4,36,2,2,76,11,11,5,16
1068,PMSE,polymer* material*,102.0,2011-2020,0,3,0,8,0,22,0,3,46,8,1,1,10
1069,PMSE,polymer* science,3.0,2011-2020,0,1,0,0,0,0,0,0,1,0,0,0,1
1070,PMSE,*polymer*,5010.0,2011-2020,6,182,40,276,117,1171,28,34,1986,241,255,124,550
1071,PMSE,coating material*,48.0,2011-2020,0,0,0,1,1,11,0,0,29,1,2,3,0
1072,PMSE,thin film*,807.0,2011-2020,2,14,3,12,15,208,1,2,387,77,11,25,50
1073,PMSE,polyolefin*,9.0,2011-2020,0,0,0,0,0,1,0,0,7,1,0,0,0
1074,PMSE,macromolecul*,317.0,2011-2020,0,14,12,14,5,61,1,4,103,8,26,15,54
1075,PMSE,tissue engineering,539.0,2011-2020,0,13,9,31,7,46,5,5,310,10,19,11,73
1076,PMSE,*peptide*,2985.0,2011-2020,3,99,47,284,23,340,24,44,846,18,331,91,835
1077,PMSE,nanoclay*,30.0,2011-2020,0,0,0,1,0,10,0,0,17,2,0,0,0
1078,PMSE,polyelectrolyte*,90.0,2011-2020,0,1,0,2,0,15,0,1,51,3,1,2,14
1079,PMSE,polyphosphazene*,1.0,2011-2020,0,0,0,0,0,0,0,0,1,0,0,0,0
1080,PROF,chem* education,12.0,2011-2020,0,3,1,4,0,1,0,0,3,0,0,0,0
1081,RUBB,rubber*,806.0,2011-2020,0,22,3,51,20,182,5,2,348,38,29,13,93
1082,SCHB,chem* sector*,3.0,2011-2020,0,0,0,0,0,0,0,0,3,0,0,0,0
1083,SCHB,academic entrepreneur*,2.0,2011-2020,0,2,0,0,0,0,0,0,0,0,0,0,0
1084,SCHB,commercial chem*,6.0,2011-2020,0,0,0,1,0,0,1,0,1,0,1,0,2
1085,SCHB,science advoca*,1.0,2011-2020,0,0,0,1,0,0,0,0,0,0,0,0,0
1086,GEOC,mining,918.0,2000-2010,1,28,15,147,148,101,6,9,323,16,11,14,99
1087,GEOC,mining,3304.0,2011-2020,9,93,130,574,363,226,65,39,867,86,271,119,462
